container_id,commodity_id
CONT1000,4
CONT1001,4
CONT1002,3
CONT1003,5
CONT1004,1
CONT1006,5
CONT1007,1
CONT1008,3
CONT1009,1
CONT1010,4
CONT1011,5
CONT1012,3
CONT1013,5
CONT1014,2
CONT1015,3
CONT1016,4
CONT1017,4
CONT1019,4
CONT1020,5
CONT1021,1
CONT1022,3
CONT1024,1
CONT1025,2
CONT1026,2
CONT1028,3
CONT1029,2
CONT1030,2
CONT1031,4
CONT1032,1
CONT1033,5
CONT1034,5
CONT1035,4
CONT1036,3
CONT1037,5
CONT1038,5
CONT1040,3
CONT1043,4
CONT1045,5
CONT1046,3
CONT1047,3
CONT1048,5
CONT1049,4
CONT1050,2
CONT1051,3
CONT1052,3
CONT1053,3
CONT1054,2
CONT1055,2
CONT1056,3
CONT1057,1
CONT1059,2
CONT1060,3
CONT1061,1
CONT1062,4
CONT1063,4
CONT1064,3
CONT1065,1
CONT1066,3
CONT1067,2
CONT1068,3
CONT1069,4
CONT1070,1
CONT1071,1
CONT1072,5
CONT1074,5
CONT1075,2
CONT1076,3
CONT1077,4
CONT1078,4
CONT1080,1
CONT1081,4
CONT1082,5
CONT1083,4
CONT1084,3
CONT1085,2
CONT1086,3
CONT1087,5
CONT1088,4
CONT1089,3
CONT1090,1
CONT1091,5
CONT1092,3
CONT1093,1
CONT1094,1
CONT1095,4
CONT1096,5
CONT1097,4
CONT1098,3
CONT1099,1
CONT1100,4
CONT1101,2
CONT1102,4
CONT1103,3
CONT1104,5
CONT1105,5
CONT1107,3
CONT1108,4
CONT1109,2
CONT1110,3
CONT1111,5
CONT1112,5
CONT1113,4
CONT1114,3
CONT1115,3
CONT1116,1
CONT1118,5
CONT1119,1
CONT1120,2
CONT1121,5
CONT1122,3
CONT1123,2
CONT1124,5
CONT1125,2
CONT1126,4
CONT1127,2
CONT1128,1
CONT1129,4
CONT1130,4
CONT1131,5
CONT1132,4
CONT1133,5
CONT1134,5
CONT1135,4
CONT1136,4
CONT1137,5
CONT1138,2
CONT1139,2
CONT1140,4
CONT1141,2
CONT1144,1
CONT1145,1
CONT1146,3
CONT1147,3
CONT1148,3
CONT1149,2
CONT1150,3
CONT1151,4
CONT1152,2
CONT1153,3
CONT1154,5
CONT1155,1
CONT1156,2
CONT1157,2
CONT1158,2
CONT1159,1
CONT1160,5
CONT1161,1
CONT1162,2
CONT1163,5
CONT1165,5
CONT1166,3
CONT1167,4
CONT1168,5
CONT1170,5
CONT1171,5
CONT1172,1
CONT1173,1
CONT1175,2
CONT1177,1
CONT1178,2
CONT1179,3
CONT1180,4
CONT1181,5
CONT1182,2
CONT1183,4
CONT1185,5
CONT1186,3
CONT1187,4
CONT1188,3
CONT1189,5
CONT1190,4
CONT1191,3
CONT1192,5
CONT1193,2
CONT1194,5
CONT1196,2
CONT1197,4
CONT1198,4
CONT1199,1
CONT1200,5
CONT1201,2
CONT1202,5
CONT1203,5
CONT1204,5
CONT1205,2
CONT1206,3
CONT1207,4
CONT1208,5
CONT1209,5
CONT1210,5
CONT1211,4
CONT1212,1
CONT1213,3
CONT1215,1
CONT1216,2
CONT1217,1
CONT1219,4
CONT1220,1
CONT1221,4
CONT1222,5
CONT1223,3
CONT1224,2
CONT1225,4
CONT1226,2
CONT1227,3
CONT1228,4
CONT1231,5
CONT1232,4
CONT1233,4
CONT1236,1
CONT1237,3
CONT1238,5
CONT1239,5
CONT1240,1
CONT1241,4
CONT1243,5
CONT1244,4
CONT1245,4
CONT1246,1
CONT1247,3
CONT1249,3
CONT1250,3
CONT1251,1
CONT1252,3
CONT1253,3
CONT1254,5
CONT1255,1
CONT1256,1
CONT1257,1
CONT1258,3
CONT1259,5
CONT1260,5
CONT1261,5
CONT1262,1
CONT1263,1
CONT1264,1
CONT1265,1
CONT1266,5
CONT1268,2
CONT1269,2
CONT1270,2
CONT1271,5
CONT1272,1
CONT1273,3
CONT1274,5
CONT1275,1
CONT1276,4
CONT1277,3
CONT1278,5
CONT1279,2
CONT1280,3
CONT1281,5
CONT1282,1
CONT1283,1
CONT1284,4
CONT1285,3
CONT1286,1
CONT1287,5
CONT1288,4
CONT1289,1
CONT1290,1
CONT1291,5
CONT1292,3
CONT1293,5
CONT1294,2
CONT1295,4
CONT1296,3
CONT1298,5
CONT1299,1
CONT1300,3
CONT1301,2
CONT1302,4
CONT1304,2
CONT1305,4
CONT1306,5
CONT1307,5
CONT1308,5
CONT1309,2
CONT1312,2
CONT1313,4
CONT1314,2
CONT1315,2
CONT1316,2
CONT1317,3
CONT1318,4
CONT1319,2
CONT1322,5
CONT1323,2
CONT1324,5
CONT1325,1
CONT1326,5
CONT1327,2
CONT1328,5
CONT1329,3
CONT1330,5
CONT1331,1
CONT1332,3
CONT1333,4
CONT1334,3
CONT1335,5
CONT1337,4
CONT1338,3
CONT1339,1
CONT1340,4
CONT1341,4
CONT1342,5
CONT1343,2
CONT1345,1
CONT1346,2
CONT1347,1
CONT1348,2
CONT1349,4
CONT1350,1
CONT1352,2
CONT1353,5
CONT1354,3
CONT1356,3
CONT1357,2
CONT1358,2
CONT1359,3
CONT1360,3
CONT1361,4
CONT1362,5
CONT1363,1
CONT1364,3
CONT1365,3
CONT1366,5
CONT1367,3
CONT1368,3
CONT1369,4
CONT1370,3
CONT1371,3
CONT1372,2
CONT1373,5
CONT1375,2
CONT1376,3
CONT1377,3
CONT1379,5
CONT1380,5
CONT1381,1
CONT1382,2
CONT1383,3
CONT1384,2
CONT1385,1
CONT1386,5
CONT1387,2
CONT1388,4
CONT1389,2
CONT1390,3
CONT1391,4
CONT1392,2
CONT1393,4
CONT1395,3
CONT1396,3
CONT1397,3
CONT1398,3
CONT1399,1
CONT1400,3
CONT1401,4
CONT1402,4
CONT1403,3
CONT1405,5
CONT1406,3
CONT1407,1
CONT1408,5
CONT1409,1
CONT1410,5
CONT1411,3
CONT1412,1
CONT1413,5
CONT1414,1
CONT1415,2
CONT1416,4
CONT1417,1
CONT1418,2
CONT1419,5
CONT1420,3
CONT1421,1
CONT1422,3
CONT1424,3
CONT1425,5
CONT1426,1
CONT1427,3
CONT1428,2
CONT1429,5
CONT1431,4
CONT1432,1
CONT1433,4
CONT1434,1
CONT1435,2
CONT1436,4
CONT1437,4
CONT1438,3
CONT1440,4
CONT1441,1
CONT1442,5
CONT1443,2
CONT1444,4
CONT1445,1
CONT1446,3
CONT1447,5
CONT1448,2
CONT1449,2
CONT1450,3
CONT1451,3
CONT1452,4
CONT1453,1
CONT1454,5
CONT1455,2
CONT1456,5
CONT1457,1
CONT1458,5
CONT1459,5
CONT1460,2
CONT1461,4
CONT1462,1
CONT1463,2
CONT1464,2
CONT1466,3
CONT1467,1
CONT1468,4
CONT1469,5
CONT1470,1
CONT1471,5
CONT1472,5
CONT1473,4
CONT1474,4
CONT1475,2
CONT1477,5
CONT1478,1
CONT1479,3
CONT1480,2
CONT1481,5
CONT1482,5
CONT1483,3
CONT1484,2
CONT1485,4
CONT1486,3
CONT1487,2
CONT1488,1
CONT1489,4
CONT1490,1
CONT1491,1
CONT1492,5
CONT1493,3
CONT1494,1
CONT1496,5
CONT1497,3
CONT1498,3
CONT1500,3
CONT1501,3
CONT1502,1
CONT1503,3
CONT1504,4
CONT1505,1
CONT1506,3
CONT1507,2
CONT1508,2
CONT1509,5
CONT1510,3
CONT1511,2
CONT1512,5
CONT1513,1
CONT1514,2
CONT1515,3
CONT1517,1
CONT1518,4
CONT1519,4
CONT1520,4
CONT1521,2
CONT1522,2
CONT1523,2
CONT1524,2
CONT1525,4
CONT1526,4
CONT1527,5
CONT1530,2
CONT1531,2
CONT1532,2
CONT1533,4
CONT1534,2
CONT1535,2
CONT1536,4
CONT1537,2
CONT1538,1
CONT1539,4
CONT1540,2
CONT1541,3
CONT1542,5
CONT1543,3
CONT1544,1
CONT1545,4
CONT1546,4
CONT1547,2
CONT1548,5
CONT1549,1
CONT1550,2
CONT1551,3
CONT1552,2
CONT1554,1
CONT1555,1
CONT1556,4
CONT1557,5
CONT1558,4
CONT1559,5
CONT1560,4
CONT1562,1
CONT1563,3
CONT1564,1
CONT1565,2
CONT1566,5
CONT1567,4
CONT1568,3
CONT1569,2
CONT1570,3
CONT1571,1
CONT1572,4
CONT1574,2
CONT1576,3
CONT1577,4
CONT1579,2
CONT1581,2
CONT1582,1
CONT1583,5
CONT1584,3
CONT1585,2
CONT1587,1
CONT1589,5
CONT1590,3
CONT1591,5
CONT1592,5
CONT1593,3
CONT1594,3
CONT1595,4
CONT1596,4
CONT1597,4
CONT1598,4
CONT1599,3
CONT1600,3
CONT1601,5
CONT1602,3
CONT1603,1
CONT1604,4
CONT1605,3
CONT1606,2
CONT1607,3
CONT1608,3
CONT1609,4
CONT1610,3
CONT1611,4
CONT1612,5
CONT1613,1
CONT1614,3
CONT1615,2
CONT1616,3
CONT1617,3
CONT1618,5
CONT1619,5
CONT1620,5
CONT1621,5
CONT1622,5
CONT1623,3
CONT1624,3
CONT1626,4
CONT1627,4
CONT1628,1
CONT1629,2
CONT1630,3
CONT1631,5
CONT1632,5
CONT1633,5
CONT1634,3
CONT1635,2
CONT1636,5
CONT1637,4
CONT1638,4
CONT1639,3
CONT1640,3
CONT1641,1
CONT1642,3
CONT1643,1
CONT1644,5
CONT1645,4
CONT1646,1
CONT1647,4
CONT1648,1
CONT1649,1
CONT1650,5
CONT1651,3
CONT1652,4
CONT1653,3
CONT1655,2
CONT1656,1
CONT1657,1
CONT1658,3
CONT1659,3
CONT1660,1
CONT1661,4
CONT1662,5
CONT1663,1
CONT1664,5
CONT1665,3
CONT1666,3
CONT1667,5
CONT1668,5
CONT1669,2
CONT1670,4
CONT1672,4
CONT1673,3
CONT1674,3
CONT1675,5
CONT1678,5
CONT1679,5
CONT1680,5
CONT1682,3
CONT1683,5
CONT1684,2
CONT1686,2
CONT1687,3
CONT1688,2
CONT1689,3
CONT1690,2
CONT1691,4
CONT1692,3
CONT1693,1
CONT1694,4
CONT1695,2
CONT1696,2
CONT1697,1
CONT1698,3
CONT1699,3
CONT1700,2
CONT1701,4
CONT1702,1
CONT1703,4
CONT1705,4
CONT1706,4
CONT1707,4
CONT1708,5
CONT1709,1
CONT1710,3
CONT1711,4
CONT1712,5
CONT1713,1
CONT1714,3
CONT1715,4
CONT1716,2
CONT1717,5
CONT1718,4
CONT1721,3
CONT1722,5
CONT1723,2
CONT1724,3
CONT1725,4
CONT1726,4
CONT1727,1
CONT1728,4
CONT1730,3
CONT1731,5
CONT1732,4
CONT1733,1
CONT1734,1
CONT1735,2
CONT1736,2
CONT1737,5
CONT1738,1
CONT1739,3
CONT1740,3
CONT1741,5
CONT1742,2
CONT1743,1
CONT1744,4
CONT1745,2
CONT1746,4
CONT1747,1
CONT1748,3
CONT1749,5
CONT1750,2
CONT1751,1
CONT1752,3
CONT1753,5
CONT1754,1
CONT1755,5
CONT1756,5
CONT1757,4
CONT1758,2
CONT1759,2
CONT1760,4
CONT1761,3
CONT1762,2
CONT1763,5
CONT1765,2
CONT1767,3
CONT1768,4
CONT1769,3
CONT1770,3
CONT1771,5
CONT1773,1
CONT1774,2
CONT1776,4
CONT1777,5
CONT1778,2
CONT1779,3
CONT1780,4
CONT1781,5
CONT1782,5
CONT1783,5
CONT1784,5
CONT1785,2
CONT1786,4
CONT1787,3
CONT1788,3
CONT1789,5
CONT1790,5
CONT1791,3
CONT1792,2
CONT1793,2
CONT1794,3
CONT1795,3
CONT1797,5
CONT1798,2
CONT1799,3
CONT1800,4
CONT1801,1
CONT1802,2
CONT1803,3
CONT1804,4
CONT1805,4
CONT1806,1
CONT1808,4
CONT1809,2
CONT1810,4
CONT1811,1
CONT1812,2
CONT1813,5
CONT1814,5
CONT1815,3
CONT1816,4
CONT1817,4
CONT1818,5
CONT1819,2
CONT1820,3
CONT1821,1
CONT1822,3
CONT1823,4
CONT1824,3
CONT1825,2
CONT1826,4
CONT1827,1
CONT1828,1
CONT1829,4
CONT1830,2
CONT1831,1
CONT1832,2
CONT1833,3
CONT1835,1
CONT1836,5
CONT1837,3
CONT1838,1
CONT1839,3
CONT1840,1
CONT1841,1
CONT1842,4
CONT1843,5
CONT1845,3
CONT1846,2
CONT1847,5
CONT1848,2
CONT1849,1
CONT1850,4
CONT1851,1
CONT1852,1
CONT1853,2
CONT1854,4
CONT1855,3
CONT1856,3
CONT1857,2
CONT1858,5
CONT1859,4
CONT1861,3
CONT1863,2
CONT1865,2
CONT1866,4
CONT1867,4
CONT1868,1
CONT1869,1
CONT1870,5
CONT1871,2
CONT1872,4
CONT1873,5
CONT1874,2
CONT1875,4
CONT1876,2
CONT1877,2
CONT1878,4
CONT1879,3
CONT1881,2
CONT1882,5
CONT1884,2
CONT1885,2
CONT1886,4
CONT1887,1
CONT1888,3
CONT1889,2
CONT1890,3
CONT1891,3
CONT1892,2
CONT1893,2
CONT1894,5
CONT1895,5
CONT1896,3
CONT1897,2
CONT1898,3
CONT1899,5
CONT1901,4
CONT1902,3
CONT1903,5
CONT1904,3
CONT1905,2
CONT1906,5
CONT1907,5
CONT1908,2
CONT1909,1
CONT1911,1
CONT1912,5
CONT1913,3
CONT1914,3
CONT1915,1
CONT1916,3
CONT1917,3
CONT1918,2
CONT1919,4
CONT1920,5
CONT1921,3
CONT1922,5
CONT1923,4
CONT1924,5
CONT1925,5
CONT1926,1
CONT1928,3
CONT1929,1
CONT1930,4
CONT1931,1
CONT1932,1
CONT1933,5
CONT1934,1
CONT1935,2
CONT1936,3
CONT1937,1
CONT1938,4
CONT1939,2
CONT1940,3
CONT1941,3
CONT1942,2
CONT1943,2
CONT1944,4
CONT1945,3
CONT1946,2
CONT1947,5
CONT1948,1
CONT1949,2
CONT1950,2
CONT1951,4
CONT1952,2
CONT1954,1
CONT1955,2
CONT1956,1
CONT1957,1
CONT1958,4
CONT1959,3
CONT1960,3
CONT1962,2
CONT1965,3
CONT1966,2
CONT1967,5
CONT1968,4
CONT1969,5
CONT1970,3
CONT1971,1
CONT1972,4
CONT1973,3
CONT1974,5
CONT1975,3
CONT1976,3
CONT1978,3
CONT1979,3
CONT1980,5
CONT1981,5
CONT1982,3
CONT1983,2
CONT1984,5
CONT1985,3
CONT1986,4
CONT1987,5
CONT1988,4
CONT1991,1
CONT1992,5
CONT1993,2
CONT1994,1
CONT1995,3
CONT1996,5
CONT1997,3
CONT1998,3
CONT1999,2
CONT2000,5
CONT2001,2
CONT2002,5
CONT2003,3
CONT2004,3
CONT2005,1
CONT2006,2
CONT2007,5
CONT2009,5
CONT2010,4
CONT2011,3
CONT2012,3
CONT2013,3
CONT2014,2
CONT2015,4
CONT2016,5
CONT2017,5
CONT2019,1
CONT2020,3
CONT2021,1
CONT2022,1
CONT2023,5
CONT2024,5
CONT2025,3
CONT2026,1
CONT2027,2
CONT2028,2
CONT2029,5
CONT2030,4
CONT2031,1
CONT2032,2
CONT2033,3
CONT2034,3
CONT2035,1
CONT2036,4
CONT2037,5
CONT2038,4
CONT2039,2
CONT2040,2
CONT2041,3
CONT2042,5
CONT2043,2
CONT2044,1
CONT2046,1
CONT2047,1
CONT2048,1
CONT2051,2
CONT2052,5
CONT2053,4
CONT2054,5
CONT2055,4
CONT2056,2
CONT2057,3
CONT2058,2
CONT2059,5
CONT2060,2
CONT2061,3
CONT2062,4
CONT2063,1
CONT2064,2
CONT2065,1
CONT2066,3
CONT2067,1
CONT2070,4
CONT2072,5
CONT2073,5
CONT2074,2
CONT2075,2
CONT2076,1
CONT2077,3
CONT2078,4
CONT2079,5
CONT2080,5
CONT2081,2
CONT2082,4
CONT2083,1
CONT2085,2
CONT2086,4
CONT2087,3
CONT2088,2
CONT2089,5
CONT2090,5
CONT2091,4
CONT2092,3
CONT2093,1
CONT2094,3
CONT2095,5
CONT2096,1
CONT2097,5
CONT2098,1
CONT2099,5
CONT2100,3
CONT2101,2
CONT2103,5
CONT2104,4
CONT2106,1
CONT2107,3
CONT2108,3
CONT2109,3
CONT2110,4
CONT2111,2
CONT2112,5
CONT2113,1
CONT2114,3
CONT2115,2
CONT2116,1
CONT2117,1
CONT2118,3
CONT2119,4
CONT2120,5
CONT2121,2
CONT2123,5
CONT2124,3
CONT2125,4
CONT2128,4
CONT2129,2
CONT2130,3
CONT2131,4
CONT2134,4
CONT2135,4
CONT2136,3
CONT2137,2
CONT2138,1
CONT2139,4
CONT2140,4
CONT2141,5
CONT2142,5
CONT2143,5
CONT2144,4
CONT2145,5
CONT2146,4
CONT2147,5
CONT2148,5
CONT2149,4
CONT2150,4
CONT2151,5
CONT2152,4
CONT2153,1
CONT2154,5
CONT2155,2
CONT2156,2
CONT2157,5
CONT2158,4
CONT2159,5
CONT2160,3
CONT2161,1
CONT2162,5
CONT2163,5
CONT2165,2
CONT2166,4
CONT2167,2
CONT2168,1
CONT2169,4
CONT2170,1
CONT2172,3
CONT2173,4
CONT2174,5
CONT2175,4
CONT2176,5
CONT2177,5
CONT2178,2
CONT2180,2
CONT2181,2
CONT2182,1
CONT2183,1
CONT2185,2
CONT2186,1
CONT2187,4
CONT2188,2
CONT2189,3
CONT2190,1
CONT2191,4
CONT2193,2
CONT2194,2
CONT2195,1
CONT2197,4
CONT2198,1
CONT2199,1
CONT2200,1
CONT2201,4
CONT2202,5
CONT2203,1
CONT2204,3
CONT2205,5
CONT2206,5
CONT2207,3
CONT2208,5
CONT2209,5
CONT2210,3
CONT2211,2
CONT2212,4
CONT2213,3
CONT2214,5
CONT2215,5
CONT2216,2
CONT2217,5
CONT2219,5
CONT2220,5
CONT2221,3
CONT2222,4
CONT2223,5
CONT2224,1
CONT2225,5
CONT2226,5
CONT2227,5
CONT2228,4
CONT2229,4
CONT2231,2
CONT2232,1
CONT2233,3
CONT2234,5
CONT2235,1
CONT2236,1
CONT2237,1
CONT2239,3
CONT2240,2
CONT2241,3
CONT2242,4
CONT2243,2
CONT2244,1
CONT2245,2
CONT2246,1
CONT2247,4
CONT2248,3
CONT2249,5
CONT2250,5
CONT2251,4
CONT2252,3
CONT2253,5
CONT2255,1
CONT2256,3
CONT2257,4
CONT2259,1
CONT2260,3
CONT2261,5
CONT2262,3
CONT2264,4
CONT2265,4
CONT2266,3
CONT2267,4
CONT2268,2
CONT2269,1
CONT2270,2
CONT2271,2
CONT2272,2
CONT2273,1
CONT2274,4
CONT2275,5
CONT2276,3
CONT2277,5
CONT2278,1
CONT2279,1
CONT2280,5
CONT2281,5
CONT2282,1
CONT2283,2
CONT2284,5
CONT2285,5
CONT2287,5
CONT2288,2
CONT2289,3
CONT2290,5
CONT2291,1
CONT2292,2
CONT2293,1
CONT2294,4
CONT2296,5
CONT2298,3
CONT2299,1
CONT2302,1
CONT2303,4
CONT2304,5
CONT2305,2
CONT2306,5
CONT2307,1
CONT2309,3
CONT2310,1
CONT2311,4
CONT2312,1
CONT2313,5
CONT2314,1
CONT2316,3
CONT2317,1
CONT2318,2
CONT2320,5
CONT2321,1
CONT2322,5
CONT2323,2
CONT2324,5
CONT2325,2
CONT2326,1
CONT2327,5
CONT2328,2
CONT2329,2
CONT2330,1
CONT2331,4
CONT2332,4
CONT2333,1
CONT2334,3
CONT2335,2
CONT2336,1
CONT2337,2
CONT2338,4
CONT2339,2
CONT2341,4
CONT2342,1
CONT2343,1
CONT2344,3
CONT2345,2
CONT2346,3
CONT2347,1
CONT2349,3
CONT2350,4
CONT2351,4
CONT2352,2
CONT2353,4
CONT2354,4
CONT2355,4
CONT2356,2
CONT2357,1
CONT2358,3
CONT2359,1
CONT2360,4
CONT2361,3
CONT2362,4
CONT2363,5
CONT2364,3
CONT2365,1
CONT2366,4
CONT2367,2
CONT2368,3
CONT2369,5
CONT2370,2
CONT2372,3
CONT2373,3
CONT2374,1
CONT2375,2
CONT2376,3
CONT2377,5
CONT2379,4
CONT2380,2
CONT2381,2
CONT2382,4
CONT2383,5
CONT2384,3
CONT2385,4
CONT2386,3
CONT2388,4
CONT2389,4
CONT2390,3
CONT2391,4
CONT2392,5
CONT2393,1
CONT2394,1
CONT2395,4
CONT2396,4
CONT2397,1
CONT2398,2
CONT2400,5
CONT2401,5
CONT2402,5
CONT2403,3
CONT2404,5
CONT2405,5
CONT2406,5
CONT2407,3
CONT2408,1
CONT2409,4
CONT2410,2
CONT2411,5
CONT2412,1
CONT2413,4
CONT2414,2
CONT2415,1
CONT2416,2
CONT2417,5
CONT2418,5
CONT2419,3
CONT2420,3
CONT2422,4
CONT2423,2
CONT2424,3
CONT2425,4
CONT2427,2
CONT2428,3
CONT2429,1
CONT2430,3
CONT2432,3
CONT2433,2
CONT2434,4
CONT2435,3
CONT2436,4
CONT2437,2
CONT2438,1
CONT2439,5
CONT2440,4
CONT2441,4
CONT2442,3
CONT2443,2
CONT2444,2
CONT2445,4
CONT2446,1
CONT2447,2
CONT2448,4
CONT2449,2
CONT2450,1
CONT2451,2
CONT2452,4
CONT2453,4
CONT2454,3
CONT2455,5
CONT2456,5
CONT2457,5
CONT2458,5
CONT2459,3
CONT2460,3
CONT2462,5
CONT2463,4
CONT2464,1
CONT2465,5
CONT2467,3
CONT2468,1
CONT2469,2
CONT2470,1
CONT2471,5
CONT2473,2
CONT2474,2
CONT2476,2
CONT2477,3
CONT2479,1
CONT2480,1
CONT2481,2
CONT2482,2
CONT2484,3
CONT2485,3
CONT2486,1
CONT2487,4
CONT2488,4
CONT2489,3
CONT2490,5
CONT2491,2
CONT2493,3
CONT2494,1
CONT2495,1
CONT2496,3
CONT2497,5
CONT2498,2
CONT2499,1
CONT2500,4
CONT2501,4
CONT2502,3
CONT2504,3
CONT2505,1
CONT2506,4
CONT2507,3
CONT2510,3
CONT2512,1
CONT2513,4
CONT2514,5
CONT2515,2
CONT2516,5
CONT2517,2
CONT2518,1
CONT2520,1
CONT2522,2
CONT2524,5
CONT2525,4
CONT2526,1
CONT2527,4
CONT2528,2
CONT2530,5
CONT2531,5
CONT2532,3
CONT2533,3
CONT2534,3
CONT2535,4
CONT2536,1
CONT2537,3
CONT2538,4
CONT2539,1
CONT2540,4
CONT2541,4
CONT2542,2
CONT2543,5
CONT2544,4
CONT2545,5
CONT2547,4
CONT2548,3
CONT2549,5
CONT2550,3
CONT2551,3
CONT2552,4
CONT2553,4
CONT2554,3
CONT2555,4
CONT2556,4
CONT2557,4
CONT2558,1
CONT2559,3
CONT2560,5
CONT2561,5
CONT2562,1
CONT2563,1
CONT2565,4
CONT2566,1
CONT2567,5
CONT2568,4
CONT2569,4
CONT2570,5
CONT2571,2
CONT2572,1
CONT2573,3
CONT2574,5
CONT2575,3
CONT2576,4
CONT2577,1
CONT2578,2
CONT2579,5
CONT2580,4
CONT2581,3
CONT2582,3
CONT2583,5
CONT2584,1
CONT2585,2
CONT2586,1
CONT2587,1
CONT2588,1
CONT2589,4
CONT2590,3
CONT2591,2
CONT2592,4
CONT2593,2
CONT2595,3
CONT2596,4
CONT2597,3
CONT2598,4
CONT2599,5
CONT2600,4
CONT2601,5
CONT2602,3
CONT2603,3
CONT2604,3
CONT2605,4
CONT2606,5
CONT2607,2
CONT2608,3
CONT2609,3
CONT2610,4
CONT2611,3
CONT2612,2
CONT2613,3
CONT2614,1
CONT2615,5
CONT2616,3
CONT2617,2
CONT2618,2
CONT2619,5
CONT2620,3
CONT2623,3
CONT2625,5
CONT2626,3
CONT2627,1
CONT2628,3
CONT2629,1
CONT2630,4
CONT2631,3
CONT2632,5
CONT2634,2
CONT2635,4
CONT2636,2
CONT2637,5
CONT2638,4
CONT2639,1
CONT2640,4
CONT2641,2
CONT2643,4
CONT2645,2
CONT2646,2
CONT2647,5
CONT2648,3
CONT2649,1
CONT2652,1
CONT2653,3
CONT2655,1
CONT2656,5
CONT2657,3
CONT2658,1
CONT2659,2
CONT2660,3
CONT2661,3
CONT2662,2
CONT2663,5
CONT2664,1
CONT2665,5
CONT2666,4
CONT2667,2
CONT2668,2
CONT2669,1
CONT2670,3
CONT2671,2
CONT2672,1
CONT2673,4
CONT2674,4
CONT2675,3
CONT2676,4
CONT2677,3
CONT2678,4
CONT2679,5
CONT2680,1
CONT2681,1
CONT2682,5
CONT2686,1
CONT2687,4
CONT2688,4
CONT2689,3
CONT2690,4
CONT2691,1
CONT2692,5
CONT2693,4
CONT2694,5
CONT2695,1
CONT2696,2
CONT2697,4
CONT2698,5
CONT2699,4
CONT2700,1
CONT2701,4
CONT2702,3
CONT2703,5
CONT2705,5
CONT2706,3
CONT2707,3
CONT2708,2
CONT2709,5
CONT2710,5
CONT2711,4
CONT2712,5
CONT2713,3
CONT2714,5
CONT2716,4
CONT2717,3
CONT2718,1
CONT2719,3
CONT2720,1
CONT2721,4
CONT2722,2
CONT2723,2
CONT2724,2
CONT2725,4
CONT2726,3
CONT2728,4
CONT2729,4
CONT2730,4
CONT2731,2
CONT2732,1
CONT2733,5
CONT2734,1
CONT2735,3
CONT2736,5
CONT2738,3
CONT2739,5
CONT2740,5
CONT2741,1
CONT2742,4
CONT2743,5
CONT2744,1
CONT2745,2
CONT2746,3
CONT2747,2
CONT2748,4
CONT2749,3
CONT2750,4
CONT2751,1
CONT2752,5
CONT2753,2
CONT2754,3
CONT2755,1
CONT2756,1
CONT2757,3
CONT2758,4
CONT2759,2
CONT2760,2
CONT2761,5
CONT2762,4
CONT2763,4
CONT2764,1
CONT2765,4
CONT2766,4
CONT2767,1
CONT2769,5
CONT2770,1
CONT2771,2
CONT2772,1
CONT2773,2
CONT2774,3
CONT2775,3
CONT2778,3
CONT2779,4
CONT2780,2
CONT2781,1
CONT2782,3
CONT2783,4
CONT2785,2
CONT2786,5
CONT2787,1
CONT2788,4
CONT2790,2
CONT2791,1
CONT2792,2
CONT2793,2
CONT2794,5
CONT2795,2
CONT2796,4
CONT2797,5
CONT2798,5
CONT2799,2
CONT2800,2
CONT2801,1
CONT2802,1
CONT2804,3
CONT2805,1
CONT2806,4
CONT2807,1
CONT2808,5
CONT2809,5
CONT2810,2
CONT2811,4
CONT2812,2
CONT2814,3
CONT2815,5
CONT2816,1
CONT2817,4
CONT2818,1
CONT2819,2
CONT2820,1
CONT2821,3
CONT2822,4
CONT2823,1
CONT2824,4
CONT2825,3
CONT2826,3
CONT2827,5
CONT2828,1
CONT2829,5
CONT2830,2
CONT2831,2
CONT2832,5
CONT2833,2
CONT2834,3
CONT2835,4
CONT2836,4
CONT2837,1
CONT2838,5
CONT2839,2
CONT2840,5
CONT2841,5
CONT2842,1
CONT2843,3
CONT2844,1
CONT2845,1
CONT2846,4
CONT2847,4
CONT2848,1
CONT2849,2
CONT2850,4
CONT2851,4
CONT2852,3
CONT2853,1
CONT2854,4
CONT2855,2
CONT2856,4
CONT2857,5
CONT2858,2
CONT2859,3
CONT2860,3
CONT2861,4
CONT2862,4
CONT2863,5
CONT2864,3
CONT2866,1
CONT2867,1
CONT2870,1
CONT2871,5
CONT2872,4
CONT2873,3
CONT2874,2
CONT2875,2
CONT2876,4
CONT2877,2
CONT2878,5
CONT2879,3
CONT2880,1
CONT2882,3
CONT2883,5
CONT2884,2
CONT2885,4
CONT2886,1
CONT2887,5
CONT2888,1
CONT2889,5
CONT2891,2
CONT2892,4
CONT2893,5
CONT2894,1
CONT2895,1
CONT2896,2
CONT2897,5
CONT2898,1
CONT2899,5
CONT2900,2
CONT2901,4
CONT2902,3
CONT2903,1
CONT2905,1
CONT2906,3
CONT2907,1
CONT2908,3
CONT2909,1
CONT2910,4
CONT2911,5
CONT2912,3
CONT2913,3
CONT2914,2
CONT2915,4
CONT2916,4
CONT2918,2
CONT2919,4
CONT2920,2
CONT2921,4
CONT2922,1
CONT2923,4
CONT2925,3
CONT2926,3
CONT2928,2
CONT2929,4
CONT2930,4
CONT2931,4
CONT2932,2
CONT2933,2
CONT2934,3
CONT2935,1
CONT2936,5
CONT2937,4
CONT2938,2
CONT2939,1
CONT2940,2
CONT2942,5
CONT2943,4
CONT2944,4
CONT2945,4
CONT2946,3
CONT2947,1
CONT2949,4
CONT2950,2
CONT2951,1
CONT2952,1
CONT2953,5
CONT2954,5
CONT2955,4
CONT2956,2
CONT2957,1
CONT2958,1
CONT2959,5
CONT2960,5
CONT2961,5
CONT2963,5
CONT2964,2
CONT2965,2
CONT2966,1
CONT2967,5
CONT2968,3
CONT2969,4
CONT2970,1
CONT2971,3
CONT2972,3
CONT2973,1
CONT2974,4
CONT2975,3
CONT2976,5
CONT2977,2
CONT2978,1
CONT2979,3
CONT2981,4
CONT2982,2
CONT2983,1
CONT2984,3
CONT2986,5
CONT2987,5
CONT2988,5
CONT2989,4
CONT2990,3
CONT2991,5
CONT2992,4
CONT2993,1
CONT2994,2
CONT2995,3
CONT2996,3
CONT2997,3
CONT2998,1
CONT2999,1
CONT3000,5
CONT3001,5
CONT3002,2
CONT3003,3
CONT3004,3
CONT3005,5
CONT3006,5
CONT3007,1
CONT3008,1
CONT3009,3
CONT3010,3
CONT3011,2
CONT3012,2
CONT3013,5
CONT3014,5
CONT3015,3
CONT3016,3
CONT3017,5
CONT3018,3
CONT3019,1
CONT3020,5
CONT3021,5
CONT3022,4
CONT3024,3
CONT3025,5
CONT3026,1
CONT3028,3
CONT3029,1
CONT3031,2
CONT3032,5
CONT3033,2
CONT3034,5
CONT3035,4
CONT3036,3
CONT3037,4
CONT3039,2
CONT3040,2
CONT3041,4
CONT3042,4
CONT3043,1
CONT3044,3
CONT3045,2
CONT3046,3
CONT3047,2
CONT3048,5
CONT3049,5
CONT3050,3
CONT3051,4
CONT3052,3
CONT3053,5
CONT3055,3
CONT3056,3
CONT3057,5
CONT3059,1
CONT3061,1
CONT3062,5
CONT3063,5
CONT3064,1
CONT3065,1
CONT3066,3
CONT3067,5
CONT3068,1
CONT3069,5
CONT3070,3
CONT3071,1
CONT3072,3
CONT3073,5
CONT3074,4
CONT3075,5
CONT3076,3
CONT3077,4
CONT3078,2
CONT3080,3
CONT3081,4
CONT3082,4
CONT3083,2
CONT3084,4
CONT3085,4
CONT3086,4
CONT3087,4
CONT3088,3
CONT3089,5
CONT3090,2
CONT3091,4
CONT3092,1
CONT3093,3
CONT3094,5
CONT3095,5
CONT3096,3
CONT3097,3
CONT3098,4
CONT3099,2
CONT3100,1
CONT3102,2
CONT3103,1
CONT3104,4
CONT3105,3
CONT3106,3
CONT3107,1
CONT3108,2
CONT3109,3
CONT3110,1
CONT3111,4
CONT3112,3
CONT3113,5
CONT3115,4
CONT3116,5
CONT3117,4
CONT3118,3
CONT3119,3
CONT3120,4
CONT3121,4
CONT3124,1
CONT3125,1
CONT3127,2
CONT3128,5
CONT3129,3
CONT3130,2
CONT3131,4
CONT3132,5
CONT3133,2
CONT3134,5
CONT3136,1
CONT3137,1
CONT3138,1
CONT3139,4
CONT3142,5
CONT3143,4
CONT3144,3
CONT3146,5
CONT3147,4
CONT3148,5
CONT3150,3
CONT3151,3
CONT3152,2
CONT3153,5
CONT3154,4
CONT3155,3
CONT3156,5
CONT3157,5
CONT3158,1
CONT3159,4
CONT3161,1
CONT3162,2
CONT3163,1
CONT3164,5
CONT3165,5
CONT3166,2
CONT3167,1
CONT3168,2
CONT3169,4
CONT3171,4
CONT3173,1
CONT3174,1
CONT3176,2
CONT3177,3
CONT3178,3
CONT3179,3
CONT3180,3
CONT3181,2
CONT3182,5
CONT3183,5
CONT3184,5
CONT3185,5
CONT3186,1
CONT3187,3
CONT3188,3
CONT3189,5
CONT3190,1
CONT3192,2
CONT3193,3
CONT3194,5
CONT3195,2
CONT3196,4
CONT3197,4
CONT3199,1
CONT3200,3
CONT3201,5
CONT3202,2
CONT3204,2
CONT3205,2
CONT3206,2
CONT3207,5
CONT3208,5
CONT3209,2
CONT3210,2
CONT3211,3
CONT3212,1
CONT3214,4
CONT3215,5
CONT3216,1
CONT3217,2
CONT3218,1
CONT3219,4
CONT3220,4
CONT3221,4
CONT3222,4
CONT3223,1
CONT3224,5
CONT3225,3
CONT3226,4
CONT3229,1
CONT3230,4
CONT3231,4
CONT3232,2
CONT3233,1
CONT3234,1
CONT3236,2
CONT3237,3
CONT3238,2
CONT3239,5
CONT3240,5
CONT3241,3
CONT3242,2
CONT3244,4
CONT3245,2
CONT3246,2
CONT3247,3
CONT3248,5
CONT3249,1
CONT3250,3
CONT3251,2
CONT3252,2
CONT3254,5
CONT3255,3
CONT3256,5
CONT3257,3
CONT3258,3
CONT3259,4
CONT3260,5
CONT3261,4
CONT3262,5
CONT3263,2
CONT3264,1
CONT3265,2
CONT3266,2
CONT3267,5
CONT3268,4
CONT3269,5
CONT3271,1
CONT3272,1
CONT3275,4
CONT3276,3
CONT3277,2
CONT3278,5
CONT3279,1
CONT3280,5
CONT3281,2
CONT3283,1
CONT3284,1
CONT3288,2
CONT3289,1
CONT3290,3
CONT3291,1
CONT3292,4
CONT3293,4
CONT3294,3
CONT3295,4
CONT3296,1
CONT3297,5
CONT3298,1
CONT3299,2
CONT3302,5
CONT3303,2
CONT3304,1
CONT3305,5
CONT3306,2
CONT3307,5
CONT3308,3
CONT3309,2
CONT3310,5
CONT3311,3
CONT3312,5
CONT3314,2
CONT3315,2
CONT3316,5
CONT3317,4
CONT3318,3
CONT3319,1
CONT3320,5
CONT3321,2
CONT3322,2
CONT3323,1
CONT3324,1
CONT3325,5
CONT3326,5
CONT3327,4
CONT3328,5
CONT3330,1
CONT3331,5
CONT3332,4
CONT3334,4
CONT3335,1
CONT3337,3
CONT3338,5
CONT3339,4
CONT3340,5
CONT3341,2
CONT3343,3
CONT3345,1
CONT3346,3
CONT3347,2
CONT3348,3
CONT3349,4
CONT3350,3
CONT3351,1
CONT3352,4
CONT3353,3
CONT3354,2
CONT3355,2
CONT3356,2
CONT3357,1
CONT3358,1
CONT3359,4
CONT3361,2
CONT3362,4
CONT3363,1
CONT3364,1
CONT3365,4
CONT3366,5
CONT3367,1
CONT3368,1
CONT3369,5
CONT3370,3
CONT3371,5
CONT3372,3
CONT3373,2
CONT3375,3
CONT3376,2
CONT3377,3
CONT3378,3
CONT3379,4
CONT3380,5
CONT3381,3
CONT3382,5
CONT3383,1
CONT3384,1
CONT3385,1
CONT3386,4
CONT3387,4
CONT3388,5
CONT3389,1
CONT3390,1
CONT3391,4
CONT3392,4
CONT3393,3
CONT3394,2
CONT3396,5
CONT3400,5
CONT3401,1
CONT3402,2
CONT3403,4
CONT3404,4
CONT3405,3
CONT3406,1
CONT3407,1
CONT3408,2
CONT3409,1
CONT3410,2
CONT3411,2
CONT3412,2
CONT3413,3
CONT3414,3
CONT3415,2
CONT3416,4
CONT3417,2
CONT3418,2
CONT3420,1
CONT3421,3
CONT3422,1
CONT3423,4
CONT3425,5
CONT3426,4
CONT3427,3
CONT3429,3
CONT3430,3
CONT3431,2
CONT3432,3
CONT3433,5
CONT3434,3
CONT3435,1
CONT3436,5
CONT3437,1
CONT3438,2
CONT3439,1
CONT3440,4
CONT3441,2
CONT3442,1
CONT3443,5
CONT3444,5
CONT3445,1
CONT3446,4
CONT3447,3
CONT3448,3
CONT3451,1
CONT3452,3
CONT3454,4
CONT3455,2
CONT3456,5
CONT3457,2
CONT3458,2
CONT3460,1
CONT3462,1
CONT3463,1
CONT3464,3
CONT3465,2
CONT3467,2
CONT3468,3
CONT3469,2
CONT3470,5
CONT3472,1
CONT3473,4
CONT3474,3
CONT3475,1
CONT3477,3
CONT3478,4
CONT3479,4
CONT3481,3
CONT3482,2
CONT3483,1
CONT3484,2
CONT3485,3
CONT3486,1
CONT3487,1
CONT3488,4
CONT3489,3
CONT3490,1
CONT3491,4
CONT3492,1
CONT3493,1
CONT3494,4
CONT3495,4
CONT3496,5
CONT3497,3
CONT3499,3
CONT3500,1
CONT3501,1
CONT3502,1
CONT3503,3
CONT3504,1
CONT3505,5
CONT3506,5
CONT3507,5
CONT3508,1
CONT3510,5
CONT3511,2
CONT3512,4
CONT3513,2
CONT3514,2
CONT3515,3
CONT3516,2
CONT3517,5
CONT3518,3
CONT3519,3
CONT3520,3
CONT3521,2
CONT3522,3
CONT3523,4
CONT3524,3
CONT3525,1
CONT3526,4
CONT3527,3
CONT3528,4
CONT3529,5
CONT3530,2
CONT3531,1
CONT3532,1
CONT3533,2
CONT3534,3
CONT3535,2
CONT3536,5
CONT3537,3
CONT3538,5
CONT3539,3
CONT3540,2
CONT3541,2
CONT3542,4
CONT3543,5
CONT3544,5
CONT3546,3
CONT3547,4
CONT3548,3
CONT3549,5
CONT3550,2
CONT3551,2
CONT3552,3
CONT3553,1
CONT3554,3
CONT3555,5
CONT3556,4
CONT3557,3
CONT3558,3
CONT3559,2
CONT3560,5
CONT3564,3
CONT3565,2
CONT3566,4
CONT3567,5
CONT3568,1
CONT3569,2
CONT3570,2
CONT3571,2
CONT3572,3
CONT3573,4
CONT3574,5
CONT3575,3
CONT3576,3
CONT3578,2
CONT3579,3
CONT3580,4
CONT3581,1
CONT3582,4
CONT3583,1
CONT3584,4
CONT3585,4
CONT3586,1
CONT3587,3
CONT3588,4
CONT3589,5
CONT3590,4
CONT3592,5
CONT3593,5
CONT3594,1
CONT3595,4
CONT3596,1
CONT3598,4
CONT3599,2
CONT3600,4
CONT3601,4
CONT3602,2
CONT3603,2
CONT3604,5
CONT3606,5
CONT3607,3
CONT3608,2
CONT3609,1
CONT3610,1
CONT3611,1
CONT3612,1
CONT3613,1
CONT3614,3
CONT3616,3
CONT3617,5
CONT3618,1
CONT3619,1
CONT3620,5
CONT3621,4
CONT3623,3
CONT3624,5
CONT3625,5
CONT3626,2
CONT3627,3
CONT3628,1
CONT3629,1
CONT3630,4
CONT3631,4
CONT3633,4
CONT3634,1
CONT3635,2
CONT3637,2
CONT3638,2
CONT3639,4
CONT3640,5
CONT3641,5
CONT3642,1
CONT3643,3
CONT3644,1
CONT3645,5
CONT3646,5
CONT3647,1
CONT3648,3
CONT3649,2
CONT3650,2
CONT3651,4
CONT3652,1
CONT3653,5
CONT3654,1
CONT3655,5
CONT3656,1
CONT3657,4
CONT3658,2
CONT3659,4
CONT3661,2
CONT3663,5
CONT3664,1
CONT3665,1
CONT3666,4
CONT3667,4
CONT3668,4
CONT3669,4
CONT3670,5
CONT3671,5
CONT3672,5
CONT3673,1
CONT3674,5
CONT3675,3
CONT3676,3
CONT3677,1
CONT3678,3
CONT3679,2
CONT3680,4
CONT3681,4
CONT3682,3
CONT3683,3
CONT3684,2
CONT3685,2
CONT3686,1
CONT3687,2
CONT3688,5
CONT3689,5
CONT3690,1
CONT3691,4
CONT3692,1
CONT3693,1
CONT3694,5
CONT3695,1
CONT3696,4
CONT3697,2
CONT3698,1
CONT3699,2
CONT3702,5
CONT3703,3
CONT3704,4
CONT3706,2
CONT3708,2
CONT3709,2
CONT3710,2
CONT3711,2
CONT3712,3
CONT3713,3
CONT3715,2
CONT3716,3
CONT3717,4
CONT3718,2
CONT3720,2
CONT3721,3
CONT3722,3
CONT3723,2
CONT3724,4
CONT3725,5
CONT3726,4
CONT3727,1
CONT3728,5
CONT3729,5
CONT3730,2
CONT3731,1
CONT3732,3
CONT3733,1
CONT3734,3
CONT3735,4
CONT3736,2
CONT3738,5
CONT3739,1
CONT3740,2
CONT3741,1
CONT3742,2
CONT3743,1
CONT3744,2
CONT3745,4
CONT3746,4
CONT3747,2
CONT3748,5
CONT3749,1
CONT3750,4
CONT3751,5
CONT3754,3
CONT3755,5
CONT3756,2
CONT3757,3
CONT3758,5
CONT3759,4
CONT3760,3
CONT3761,5
CONT3762,4
CONT3763,4
CONT3764,3
CONT3765,2
CONT3766,5
CONT3767,3
CONT3768,1
CONT3769,4
CONT3770,1
CONT3771,2
CONT3772,4
CONT3774,2
CONT3775,2
CONT3776,2
CONT3777,1
CONT3778,2
CONT3779,2
CONT3780,2
CONT3781,2
CONT3782,4
CONT3783,2
CONT3784,5
CONT3785,4
CONT3786,2
CONT3787,3
CONT3788,1
CONT3789,4
CONT3790,2
CONT3792,3
CONT3793,3
CONT3794,3
CONT3795,2
CONT3796,1
CONT3797,4
CONT3798,4
CONT3799,5
CONT3800,2
CONT3801,4
CONT3803,1
CONT3804,1
CONT3805,4
CONT3806,2
CONT3807,3
CONT3808,2
CONT3809,4
CONT3810,1
CONT3811,4
CONT3813,4
CONT3814,4
CONT3815,3
CONT3817,4
CONT3818,3
CONT3819,1
CONT3820,5
CONT3821,2
CONT3822,5
CONT3823,1
CONT3824,1
CONT3825,2
CONT3826,4
CONT3827,3
CONT3828,4
CONT3829,2
CONT3830,2
CONT3831,5
CONT3833,2
CONT3834,2
CONT3835,1
CONT3836,1
CONT3838,3
CONT3839,3
CONT3840,3
CONT3841,3
CONT3842,5
CONT3843,2
CONT3844,4
CONT3845,5
CONT3847,1
CONT3848,3
CONT3849,3
CONT3850,3
CONT3852,1
CONT3853,4
CONT3854,4
CONT3855,3
CONT3856,1
CONT3857,2
CONT3858,3
CONT3859,3
CONT3860,2
CONT3861,5
CONT3862,3
CONT3863,4
CONT3864,4
CONT3865,5
CONT3867,4
CONT3868,4
CONT3869,2
CONT3870,3
CONT3871,3
CONT3872,4
CONT3873,1
CONT3874,5
CONT3875,1
CONT3877,2
CONT3878,2
CONT3879,2
CONT3880,4
CONT3882,3
CONT3883,3
CONT3884,5
CONT3885,3
CONT3886,1
CONT3888,3
CONT3889,2
CONT3890,3
CONT3892,1
CONT3893,2
CONT3894,2
CONT3895,5
CONT3896,2
CONT3897,5
CONT3898,3
CONT3899,5
CONT3900,2
CONT3901,4
CONT3902,1
CONT3903,4
CONT3904,4
CONT3905,3
CONT3906,4
CONT3907,1
CONT3908,5
CONT3909,1
CONT3910,4
CONT3911,1
CONT3912,1
CONT3913,2
CONT3914,3
CONT3915,3
CONT3916,2
CONT3917,3
CONT3918,2
CONT3919,1
CONT3920,3
CONT3921,4
CONT3922,3
CONT3923,1
CONT3924,5
CONT3925,5
CONT3926,1
CONT3927,5
CONT3928,4
CONT3929,4
CONT3930,5
CONT3931,2
CONT3932,4
CONT3933,3
CONT3934,2
CONT3935,3
CONT3937,3
CONT3941,2
CONT3942,4
CONT3943,3
CONT3944,3
CONT3945,2
CONT3946,1
CONT3947,3
CONT3948,2
CONT3949,2
CONT3950,5
CONT3951,1
CONT3952,5
CONT3953,2
CONT3954,4
CONT3955,5
CONT3956,2
CONT3957,1
CONT3958,1
CONT3959,3
CONT3960,3
CONT3961,4
CONT3962,5
CONT3963,2
CONT3964,1
CONT3965,2
CONT3966,2
CONT3967,3
CONT3968,5
CONT3969,3
CONT3970,5
CONT3971,4
CONT3972,4
CONT3973,4
CONT3974,2
CONT3975,2
CONT3976,3
CONT3977,3
CONT3978,4
CONT3979,5
CONT3980,3
CONT3981,3
CONT3982,3
CONT3984,4
CONT3985,5
CONT3986,2
CONT3987,4
CONT3989,4
CONT3990,2
CONT3991,4
CONT3992,2
CONT3994,4
CONT3995,5
CONT3996,1
CONT3997,5
CONT3998,5
CONT3999,1
CONT4000,4
CONT4001,5
CONT4002,4
CONT4003,1
CONT4004,4
CONT4005,1
CONT4006,5
CONT4007,1
CONT4008,1
CONT4009,4
CONT4011,2
CONT4012,1
CONT4013,5
CONT4014,5
CONT4015,3
CONT4016,3
CONT4017,5
CONT4018,4
CONT4019,1
CONT4020,1
CONT4021,1
CONT4022,2
CONT4023,3
CONT4024,5
CONT4025,4
CONT4026,2
CONT4027,3
CONT4028,5
CONT4030,2
CONT4031,3
CONT4033,2
CONT4034,3
CONT4035,1
CONT4036,1
CONT4037,3
CONT4038,2
CONT4039,1
CONT4040,1
CONT4041,2
CONT4042,3
CONT4043,5
CONT4044,2
CONT4045,4
CONT4046,2
CONT4047,1
CONT4048,5
CONT4049,2
CONT4050,2
CONT4051,2
CONT4052,3
CONT4054,2
CONT4055,4
CONT4056,3
CONT4058,1
CONT4059,2
CONT4060,4
CONT4061,4
CONT4062,2
CONT4063,5
CONT4064,3
CONT4065,2
CONT4066,1
CONT4067,2
CONT4068,3
CONT4069,1
CONT4070,5
CONT4071,4
CONT4072,1
CONT4073,4
CONT4074,4
CONT4075,3
CONT4076,2
CONT4077,1
CONT4078,3
CONT4079,3
CONT4081,4
CONT4082,2
CONT4083,1
CONT4084,2
CONT4085,1
CONT4086,4
CONT4087,2
CONT4088,2
CONT4089,4
CONT4090,3
CONT4091,4
CONT4092,1
CONT4093,1
CONT4094,3
CONT4095,1
CONT4096,1
CONT4097,2
CONT4098,3
CONT4099,3
CONT4100,2
CONT4101,4
CONT4102,3
CONT4103,5
CONT4107,2
CONT4108,5
CONT4109,5
CONT4110,5
CONT4112,3
CONT4113,5
CONT4114,1
CONT4115,3
CONT4117,3
CONT4118,1
CONT4119,2
CONT4120,2
CONT4121,4
CONT4122,5
CONT4123,3
CONT4124,5
CONT4125,5
CONT4126,1
CONT4127,2
CONT4128,3
CONT4129,2
CONT4130,4
CONT4131,4
CONT4132,5
CONT4134,1
CONT4135,4
CONT4136,3
CONT4138,5
CONT4139,1
CONT4140,5
CONT4142,4
CONT4143,4
CONT4144,1
CONT4146,4
CONT4147,1
CONT4148,3
CONT4150,4
CONT4152,2
CONT4153,1
CONT4154,3
CONT4155,3
CONT4156,2
CONT4158,5
CONT4159,4
CONT4160,2
CONT4161,3
CONT4162,2
CONT4163,3
CONT4165,1
CONT4166,5
CONT4168,2
CONT4169,1
CONT4170,4
CONT4171,1
CONT4172,1
CONT4173,3
CONT4174,1
CONT4175,4
CONT4176,3
CONT4177,4
CONT4178,1
CONT4179,5
CONT4180,4
CONT4181,3
CONT4182,2
CONT4183,4
CONT4184,5
CONT4185,2
CONT4186,4
CONT4187,1
CONT4188,5
CONT4189,3
CONT4190,2
CONT4191,5
CONT4192,2
CONT4193,5
CONT4194,5
CONT4195,2
CONT4196,1
CONT4197,5
CONT4198,2
CONT4199,4
CONT4200,4
CONT4201,3
CONT4203,5
CONT4204,5
CONT4205,1
CONT4206,1
CONT4207,1
CONT4208,1
CONT4209,1
CONT4210,3
CONT4211,3
CONT4212,2
CONT4213,4
CONT4215,3
CONT4216,3
CONT4217,1
CONT4218,3
CONT4219,5
CONT4220,5
CONT4221,2
CONT4222,5
CONT4223,5
CONT4224,1
CONT4225,5
CONT4226,3
CONT4227,4
CONT4228,4
CONT4230,5
CONT4231,2
CONT4232,5
CONT4233,2
CONT4235,4
CONT4236,5
CONT4237,1
CONT4238,2
CONT4239,1
CONT4240,5
CONT4241,1
CONT4242,3
CONT4243,1
CONT4244,5
CONT4245,1
CONT4246,1
CONT4247,5
CONT4248,3
CONT4249,4
CONT4250,3
CONT4251,5
CONT4252,2
CONT4253,1
CONT4254,4
CONT4255,1
CONT4256,4
CONT4258,3
CONT4259,2
CONT4260,3
CONT4262,5
CONT4263,1
CONT4264,5
CONT4265,5
CONT4266,2
CONT4267,4
CONT4268,3
CONT4269,5
CONT4270,2
CONT4271,3
CONT4272,2
CONT4273,1
CONT4274,3
CONT4275,5
CONT4276,1
CONT4277,2
CONT4278,4
CONT4279,3
CONT4280,3
CONT4281,4
CONT4282,1
CONT4283,5
CONT4284,2
CONT4285,5
CONT4286,3
CONT4288,2
CONT4289,1
CONT4290,1
CONT4291,3
CONT4292,5
CONT4293,1
CONT4295,2
CONT4297,5
CONT4298,5
CONT4300,2
CONT4301,5
CONT4302,2
CONT4303,1
CONT4305,5
CONT4306,4
CONT4307,5
CONT4308,1
CONT4310,2
CONT4311,4
CONT4312,5
CONT4313,2
CONT4314,1
CONT4315,2
CONT4316,3
CONT4317,4
CONT4318,3
CONT4320,5
CONT4321,5
CONT4322,5
CONT4323,1
CONT4324,3
CONT4325,1
CONT4326,5
CONT4327,4
CONT4328,1
CONT4329,4
CONT4330,3
CONT4331,1
CONT4332,2
CONT4333,4
CONT4334,1
CONT4335,1
CONT4337,2
CONT4338,4
CONT4339,4
CONT4340,5
CONT4341,4
CONT4342,4
CONT4343,3
CONT4344,4
CONT4345,3
CONT4346,5
CONT4347,1
CONT4348,3
CONT4349,5
CONT4350,4
CONT4351,4
CONT4352,5
CONT4353,2
CONT4354,1
CONT4355,2
CONT4357,5
CONT4358,3
CONT4359,4
CONT4360,1
CONT4362,3
CONT4363,5
CONT4365,1
CONT4366,1
CONT4367,1
CONT4368,1
CONT4369,2
CONT4370,5
CONT4371,4
CONT4372,3
CONT4373,4
CONT4374,3
CONT4375,1
CONT4376,4
CONT4377,2
CONT4378,4
CONT4379,5
CONT4380,5
CONT4381,1
CONT4383,5
CONT4384,4
CONT4386,3
CONT4387,2
CONT4388,3
CONT4389,4
CONT4391,5
CONT4392,2
CONT4393,4
CONT4395,5
CONT4396,5
CONT4397,4
CONT4399,5
CONT4400,5
CONT4401,3
CONT4403,5
CONT4404,3
CONT4405,1
CONT4406,1
CONT4407,4
CONT4408,2
CONT4409,4
CONT4410,3
CONT4411,3
CONT4412,2
CONT4413,5
CONT4414,2
CONT4415,5
CONT4416,5
CONT4417,1
CONT4418,5
CONT4419,4
CONT4420,1
CONT4422,5
CONT4423,1
CONT4424,3
CONT4425,4
CONT4427,5
CONT4429,2
CONT4430,4
CONT4431,4
CONT4432,1
CONT4433,5
CONT4434,1
CONT4435,3
CONT4437,3
CONT4438,5
CONT4439,2
CONT4440,3
CONT4441,4
CONT4442,3
CONT4443,4
CONT4444,3
CONT4445,2
CONT4446,2
CONT4447,4
CONT4448,4
CONT4449,3
CONT4450,5
CONT4451,4
CONT4452,3
CONT4453,2
CONT4454,5
CONT4455,3
CONT4456,2
CONT4458,4
CONT4461,1
CONT4462,2
CONT4463,3
CONT4464,2
CONT4465,2
CONT4466,5
CONT4467,4
CONT4468,4
CONT4469,2
CONT4470,2
CONT4471,1
CONT4472,3
CONT4473,1
CONT4474,1
CONT4475,5
CONT4476,3
CONT4477,5
CONT4478,3
CONT4480,3
CONT4481,1
CONT4482,1
CONT4483,5
CONT4484,2
CONT4485,5
CONT4486,3
CONT4487,2
CONT4488,4
CONT4489,3
CONT4491,2
CONT4492,1
CONT4493,1
CONT4494,1
CONT4495,2
CONT4496,4
CONT4497,1
CONT4498,5
CONT4499,2
CONT4500,4
CONT4501,4
CONT4502,3
CONT4503,4
CONT4504,1
CONT4505,5
CONT4506,3
CONT4507,2
CONT4509,5
CONT4510,2
CONT4511,4
CONT4512,5
CONT4513,1
CONT4514,5
CONT4515,2
CONT4516,5
CONT4517,2
CONT4518,2
CONT4520,1
CONT4521,2
CONT4522,3
CONT4523,1
CONT4524,1
CONT4525,1
CONT4526,1
CONT4527,3
CONT4528,3
CONT4529,4
CONT4530,5
CONT4531,5
CONT4532,5
CONT4533,5
CONT4534,4
CONT4535,4
CONT4536,4
CONT4537,2
CONT4538,5
CONT4539,2
CONT4540,3
CONT4542,3
CONT4543,5
CONT4544,3
CONT4545,5
CONT4546,1
CONT4547,5
CONT4548,2
CONT4549,5
CONT4550,2
CONT4551,4
CONT4552,1
CONT4554,5
CONT4555,4
CONT4556,3
CONT4557,4
CONT4558,3
CONT4560,4
CONT4561,5
CONT4562,5
CONT4563,3
CONT4564,2
CONT4565,5
CONT4566,2
CONT4568,2
CONT4570,2
CONT4571,5
CONT4575,2
CONT4576,5
CONT4577,5
CONT4578,2
CONT4579,1
CONT4580,2
CONT4581,3
CONT4583,5
CONT4584,2
CONT4585,3
CONT4586,5
CONT4587,3
CONT4588,4
CONT4589,4
CONT4590,3
CONT4591,1
CONT4592,3
CONT4593,2
CONT4594,1
CONT4595,3
CONT4596,1
CONT4597,5
CONT4598,4
CONT4599,4
CONT4600,1
CONT4601,4
CONT4602,3
CONT4603,2
CONT4605,3
CONT4606,5
CONT4607,5
CONT4608,4
CONT4609,5
CONT4610,1
CONT4612,3
CONT4613,5
CONT4614,5
CONT4615,4
CONT4616,5
CONT4617,1
CONT4618,1
CONT4619,1
CONT4620,2
CONT4621,1
CONT4623,3
CONT4624,1
CONT4625,5
CONT4626,5
CONT4627,2
CONT4628,5
CONT4629,4
CONT4630,2
CONT4631,5
CONT4632,5
CONT4633,1
CONT4634,5
CONT4635,3
CONT4636,4
CONT4637,4
CONT4638,3
CONT4639,4
CONT4640,1
CONT4641,5
CONT4642,1
CONT4643,4
CONT4644,5
CONT4645,4
CONT4646,1
CONT4647,3
CONT4648,5
CONT4649,4
CONT4650,3
CONT4651,3
CONT4652,1
CONT4653,1
CONT4654,2
CONT4655,5
CONT4656,4
CONT4657,1
CONT4658,4
CONT4659,4
CONT4661,5
CONT4663,2
CONT4664,5
CONT4666,4
CONT4667,1
CONT4668,1
CONT4670,3
CONT4671,4
CONT4672,5
CONT4673,5
CONT4674,4
CONT4675,3
CONT4676,1
CONT4677,4
CONT4678,4
CONT4679,1
CONT4680,4
CONT4681,2
CONT4682,4
CONT4683,5
CONT4684,1
CONT4685,1
CONT4687,5
CONT4688,5
CONT4689,2
CONT4690,5
CONT4691,4
CONT4692,1
CONT4693,2
CONT4694,3
CONT4695,3
CONT4696,4
CONT4697,5
CONT4699,1
CONT4700,1
CONT4701,1
CONT4702,1
CONT4703,3
CONT4705,5
CONT4706,3
CONT4707,2
CONT4708,1
CONT4709,2
CONT4710,5
CONT4711,2
CONT4712,5
CONT4713,2
CONT4714,4
CONT4715,5
CONT4716,4
CONT4717,4
CONT4719,3
CONT4720,5
CONT4721,4
CONT4722,3
CONT4723,4
CONT4724,5
CONT4725,4
CONT4726,2
CONT4727,3
CONT4728,5
CONT4729,1
CONT4730,4
CONT4731,4
CONT4732,4
CONT4733,1
CONT4735,1
CONT4736,1
CONT4737,3
CONT4738,2
CONT4739,3
CONT4740,2
CONT4741,5
CONT4742,1
CONT4743,4
CONT4744,2
CONT4745,5
CONT4746,5
CONT4748,1
CONT4749,1
CONT4750,2
CONT4751,3
CONT4752,3
CONT4753,4
CONT4754,4
CONT4756,5
CONT4757,1
CONT4758,5
CONT4759,5
CONT4760,1
CONT4761,3
CONT4762,5
CONT4764,1
CONT4765,5
CONT4766,1
CONT4767,1
CONT4768,5
CONT4769,4
CONT4770,3
CONT4771,1
CONT4772,4
CONT4774,1
CONT4775,5
CONT4776,5
CONT4777,3
CONT4778,3
CONT4779,1
CONT4780,3
CONT4781,3
CONT4782,4
CONT4783,1
CONT4784,4
CONT4785,4
CONT4786,2
CONT4787,1
CONT4788,4
CONT4789,3
CONT4790,1
CONT4791,1
CONT4792,5
CONT4793,5
CONT4794,2
CONT4795,5
CONT4796,4
CONT4797,2
CONT4798,4
CONT4799,4
CONT4800,4
CONT4801,5
CONT4802,5
CONT4803,3
CONT4804,1
CONT4805,1
CONT4807,5
CONT4808,5
CONT4809,1
CONT4810,5
CONT4811,1
CONT4812,2
CONT4814,3
CONT4817,2
CONT4818,3
CONT4819,5
CONT4820,2
CONT4821,4
CONT4822,3
CONT4823,2
CONT4824,1
CONT4825,2
CONT4827,1
CONT4828,2
CONT4829,1
CONT4830,1
CONT4831,2
CONT4832,4
CONT4833,2
CONT4834,5
CONT4835,2
CONT4836,5
CONT4837,2
CONT4838,2
CONT4839,2
CONT4840,2
CONT4841,1
CONT4842,5
CONT4843,2
CONT4844,4
CONT4845,5
CONT4846,1
CONT4847,2
CONT4848,2
CONT4849,4
CONT4850,2
CONT4851,4
CONT4852,3
CONT4853,1
CONT4854,1
CONT4855,5
CONT4856,2
CONT4857,1
CONT4858,4
CONT4859,5
CONT4860,3
CONT4861,5
CONT4862,4
CONT4863,4
CONT4866,2
CONT4867,4
CONT4868,4
CONT4869,1
CONT4870,5
CONT4871,3
CONT4872,3
CONT4873,3
CONT4875,1
CONT4876,4
CONT4877,4
CONT4878,2
CONT4879,4
CONT4880,4
CONT4881,2
CONT4882,2
CONT4883,4
CONT4884,4
CONT4886,5
CONT4887,4
CONT4888,5
CONT4889,1
CONT4890,3
CONT4891,5
CONT4893,5
CONT4894,2
CONT4895,3
CONT4896,1
CONT4897,1
CONT4899,5
CONT4901,4
CONT4902,5
CONT4903,5
CONT4904,4
CONT4905,3
CONT4906,5
CONT4907,5
CONT4908,3
CONT4909,3
CONT4910,3
CONT4911,3
CONT4912,1
CONT4913,5
CONT4914,1
CONT4915,4
CONT4916,3
CONT4917,5
CONT4918,3
CONT4919,2
CONT4920,4
CONT4921,4
CONT4922,2
CONT4923,4
CONT4924,1
CONT4925,1
CONT4926,1
CONT4927,1
CONT4928,3
CONT4929,3
CONT4931,3
CONT4933,3
CONT4934,2
CONT4935,2
CONT4936,3
CONT4938,1
CONT4939,4
CONT4940,3
CONT4941,1
CONT4942,2
CONT4943,2
CONT4944,3
CONT4945,5
CONT4946,1
CONT4948,2
CONT4949,5
CONT4950,3
CONT4951,1
CONT4952,3
CONT4953,3
CONT4954,3
CONT4955,5
CONT4956,2
CONT4957,2
CONT4959,2
CONT4960,1
CONT4961,2
CONT4962,1
CONT4963,5
CONT4964,1
CONT4965,4
CONT4966,3
CONT4967,1
CONT4968,5
CONT4969,1
CONT4970,2
CONT4971,1
CONT4972,4
CONT4973,3
CONT4974,3
CONT4975,5
CONT4976,1
CONT4978,5
CONT4979,5
CONT4980,1
CONT4981,5
CONT4982,3
CONT4983,4
CONT4984,5
CONT4985,3
CONT4986,3
CONT4987,3
CONT4988,2
CONT4989,1
CONT4990,5
CONT4991,1
CONT4992,1
CONT4993,5
CONT4994,2
CONT4995,3
CONT4996,5
CONT4997,2
CONT4998,3
CONT4999,4
CONT5000,5
CONT5001,2
CONT5002,1
CONT5003,3
CONT5004,5
CONT5005,5
CONT5006,5
CONT5007,1
CONT5008,5
CONT5009,2
CONT5010,5
CONT5011,1
CONT5012,5
CONT5013,2
CONT5014,3
CONT5015,2
CONT5016,1
CONT5017,2
CONT5019,2
CONT5020,1
CONT5022,1
CONT5023,2
CONT5024,4
CONT5025,1
CONT5026,2
CONT5027,2
CONT5028,2
CONT5029,1
CONT5030,4
CONT5032,3
CONT5033,1
CONT5034,5
CONT5035,2
CONT5036,1
CONT5037,5
CONT5039,4
CONT5040,4
CONT5041,2
CONT5042,1
CONT5043,2
CONT5044,5
CONT5046,2
CONT5047,2
CONT5048,3
CONT5049,2
CONT5050,4
CONT5051,5
CONT5052,4
CONT5053,3
CONT5054,3
CONT5055,3
CONT5056,1
CONT5057,5
CONT5058,3
CONT5059,2
CONT5060,5
CONT5061,4
CONT5062,4
CONT5063,2
CONT5064,2
CONT5065,2
CONT5066,2
CONT5067,1
CONT5068,3
CONT5069,2
CONT5070,5
CONT5071,3
CONT5072,1
CONT5073,2
CONT5074,3
CONT5075,2
CONT5076,3
CONT5077,4
CONT5078,3
CONT5079,4
CONT5080,5
CONT5081,1
CONT5082,3
CONT5083,1
CONT5084,2
CONT5085,5
CONT5086,3
CONT5087,5
CONT5088,4
CONT5089,1
CONT5090,3
CONT5091,3
CONT5092,3
CONT5093,1
CONT5094,1
CONT5095,5
CONT5096,2
CONT5097,4
CONT5098,3
CONT5099,1
CONT5102,5
CONT5103,1
CONT5104,3
CONT5105,2
CONT5106,5
CONT5108,3
CONT5109,4
CONT5110,3
CONT5111,4
CONT5112,2
CONT5113,3
CONT5114,5
CONT5115,3
CONT5116,1
CONT5117,4
CONT5118,2
CONT5119,2
CONT5120,5
CONT5121,3
CONT5122,1
CONT5123,5
CONT5124,1
CONT5125,4
CONT5126,4
CONT5127,1
CONT5128,1
CONT5129,2
CONT5131,2
CONT5132,1
CONT5133,1
CONT5134,2
CONT5135,4
CONT5136,4
CONT5138,5
CONT5139,2
CONT5140,1
CONT5141,4
CONT5142,4
CONT5143,2
CONT5144,1
CONT5145,5
CONT5146,3
CONT5147,3
CONT5148,5
CONT5150,4
CONT5151,3
CONT5152,3
CONT5153,1
CONT5154,4
CONT5155,2
CONT5156,1
CONT5157,3
CONT5158,5
CONT5159,5
CONT5160,4
CONT5161,4
CONT5162,5
CONT5163,4
CONT5164,1
CONT5165,3
CONT5166,3
CONT5168,2
CONT5169,3
CONT5170,5
CONT5171,2
CONT5172,3
CONT5173,1
CONT5175,2
CONT5176,5
CONT5177,4
CONT5179,3
CONT5180,4
CONT5181,5
CONT5182,4
CONT5183,3
CONT5184,3
CONT5185,1
CONT5186,1
CONT5187,2
CONT5188,3
CONT5189,4
CONT5190,2
CONT5192,4
CONT5193,2
CONT5194,1
CONT5196,4
CONT5197,4
CONT5198,1
CONT5199,3
CONT5200,4
CONT5201,4
CONT5203,3
CONT5204,2
CONT5205,5
CONT5206,3
CONT5207,5
CONT5210,5
CONT5211,4
CONT5212,5
CONT5215,4
CONT5216,4
CONT5217,2
CONT5218,2
CONT5219,2
CONT5220,3
CONT5221,2
CONT5222,1
CONT5223,2
CONT5224,3
CONT5225,5
CONT5226,3
CONT5227,3
CONT5228,4
CONT5229,4
CONT5230,5
CONT5232,1
CONT5233,5
CONT5234,4
CONT5235,4
CONT5236,4
CONT5237,3
CONT5238,3
CONT5239,1
CONT5240,1
CONT5241,3
CONT5242,4
CONT5243,1
CONT5244,1
CONT5245,1
CONT5246,2
CONT5248,3
CONT5249,2
CONT5250,5
CONT5251,4
CONT5252,3
CONT5253,2
CONT5255,4
CONT5256,3
CONT5257,2
CONT5258,5
CONT5259,4
CONT5260,5
CONT5261,2
CONT5262,4
CONT5263,1
CONT5265,2
CONT5266,5
CONT5267,3
CONT5268,2
CONT5269,2
CONT5270,1
CONT5271,3
CONT5272,2
CONT5273,1
CONT5275,4
CONT5276,2
CONT5277,3
CONT5278,2
CONT5279,3
CONT5280,2
CONT5281,2
CONT5282,2
CONT5283,5
CONT5284,1
CONT5286,2
CONT5287,3
CONT5288,5
CONT5290,3
CONT5291,2
CONT5292,5
CONT5293,5
CONT5294,3
CONT5295,4
CONT5296,5
CONT5297,2
CONT5298,1
CONT5299,2
CONT5300,5
CONT5301,1
CONT5302,1
CONT5303,4
CONT5304,4
CONT5305,4
CONT5306,2
CONT5307,3
CONT5308,4
CONT5309,1
CONT5310,4
CONT5311,2
CONT5313,4
CONT5314,1
CONT5315,5
CONT5316,3
CONT5317,2
CONT5319,3
CONT5320,4
CONT5321,3
CONT5322,1
CONT5323,3
CONT5324,4
CONT5325,2
CONT5326,5
CONT5327,4
CONT5328,5
CONT5329,1
CONT5330,1
CONT5331,1
CONT5332,4
CONT5333,1
CONT5334,1
CONT5335,5
CONT5337,1
CONT5338,4
CONT5340,2
CONT5341,4
CONT5342,3
CONT5343,1
CONT5345,4
CONT5347,4
CONT5348,5
CONT5349,3
CONT5350,1
CONT5351,5
CONT5352,1
CONT5353,4
CONT5356,2
CONT5357,1
CONT5358,2
CONT5359,4
CONT5360,3
CONT5361,3
CONT5362,5
CONT5363,1
CONT5364,2
CONT5365,3
CONT5366,4
CONT5367,2
CONT5368,2
CONT5369,2
CONT5370,1
CONT5371,1
CONT5372,1
CONT5373,4
CONT5374,1
CONT5375,5
CONT5376,3
CONT5377,2
CONT5378,2
CONT5379,2
CONT5380,4
CONT5381,3
CONT5382,2
CONT5383,3
CONT5385,4
CONT5387,2
CONT5388,2
CONT5389,1
CONT5391,2
CONT5392,1
CONT5393,2
CONT5394,1
CONT5395,2
CONT5396,2
CONT5397,5
CONT5398,2
CONT5400,3
CONT5401,1
CONT5403,1
CONT5404,4
CONT5405,4
CONT5407,3
CONT5408,1
CONT5409,2
CONT5410,4
CONT5413,2
CONT5414,1
CONT5415,2
CONT5416,5
CONT5417,4
CONT5419,5
CONT5420,2
CONT5421,4
CONT5423,1
CONT5424,4
CONT5425,3
CONT5426,4
CONT5427,4
CONT5428,4
CONT5429,3
CONT5430,4
CONT5431,5
CONT5432,4
CONT5433,1
CONT5434,4
CONT5435,1
CONT5436,2
CONT5437,4
CONT5438,5
CONT5439,5
CONT5440,3
CONT5441,5
CONT5442,3
CONT5443,5
CONT5446,4
CONT5447,2
CONT5448,4
CONT5449,1
CONT5450,4
CONT5451,3
CONT5452,3
CONT5453,5
CONT5456,4
CONT5457,2
CONT5458,4
CONT5459,3
CONT5460,4
CONT5461,1
CONT5462,2
CONT5463,5
CONT5464,1
CONT5465,4
CONT5466,2
CONT5467,4
CONT5468,4
CONT5469,1
CONT5470,5
CONT5471,5
CONT5472,4
CONT5473,2
CONT5474,5
CONT5475,2
CONT5476,5
CONT5477,1
CONT5478,1
CONT5479,1
CONT5480,1
CONT5481,3
CONT5482,2
CONT5483,4
CONT5485,1
CONT5486,1
CONT5487,2
CONT5488,1
CONT5489,5
CONT5491,5
CONT5492,4
CONT5493,1
CONT5494,4
CONT5495,2
CONT5496,4
CONT5498,4
CONT5499,2
CONT5500,1
CONT5501,4
CONT5502,5
CONT5503,4
CONT5504,5
CONT5505,3
CONT5506,2
CONT5507,3
CONT5508,3
CONT5510,1
CONT5511,1
CONT5512,1
CONT5513,4
CONT5514,3
CONT5515,2
CONT5516,5
CONT5517,1
CONT5518,3
CONT5519,1
CONT5520,1
CONT5521,2
CONT5522,2
CONT5523,4
CONT5525,4
CONT5526,3
CONT5527,4
CONT5528,4
CONT5529,1
CONT5530,5
CONT5531,1
CONT5532,1
CONT5533,1
CONT5534,3
CONT5535,4
CONT5536,4
CONT5537,3
CONT5538,4
CONT5539,2
CONT5540,1
CONT5541,1
CONT5542,3
CONT5543,1
CONT5544,3
CONT5545,3
CONT5546,4
CONT5547,5
CONT5548,5
CONT5549,2
CONT5550,2
CONT5551,4
CONT5554,1
CONT5555,3
CONT5556,3
CONT5557,4
CONT5558,4
CONT5559,2
CONT5560,3
CONT5561,5
CONT5562,4
CONT5563,3
CONT5564,5
CONT5565,4
CONT5566,2
CONT5567,5
CONT5568,1
CONT5569,2
CONT5570,2
CONT5571,4
CONT5572,2
CONT5573,3
CONT5574,3
CONT5575,1
CONT5576,3
CONT5578,5
CONT5579,3
CONT5580,2
CONT5582,3
CONT5583,3
CONT5584,3
CONT5585,5
CONT5586,4
CONT5587,5
CONT5588,1
CONT5589,1
CONT5590,2
CONT5592,4
CONT5593,4
CONT5594,2
CONT5595,4
CONT5596,5
CONT5598,4
CONT5599,1
CONT5600,2
CONT5601,3
CONT5602,3
CONT5603,3
CONT5605,4
CONT5606,3
CONT5607,2
CONT5608,5
CONT5609,2
CONT5611,5
CONT5615,1
CONT5616,1
CONT5617,3
CONT5620,5
CONT5621,1
CONT5622,4
CONT5623,4
CONT5624,4
CONT5625,5
CONT5626,4
CONT5627,1
CONT5628,3
CONT5629,1
CONT5630,5
CONT5631,3
CONT5632,2
CONT5633,5
CONT5634,4
CONT5635,1
CONT5636,3
CONT5637,5
CONT5638,5
CONT5639,1
CONT5640,5
CONT5641,2
CONT5642,5
CONT5643,5
CONT5644,1
CONT5645,5
CONT5646,5
CONT5647,5
CONT5648,1
CONT5649,2
CONT5650,1
CONT5651,5
CONT5652,4
CONT5653,2
CONT5654,3
CONT5655,1
CONT5656,3
CONT5657,1
CONT5658,4
CONT5659,1
CONT5660,3
CONT5661,4
CONT5662,4
CONT5663,2
CONT5664,5
CONT5665,1
CONT5666,3
CONT5667,1
CONT5668,4
CONT5669,3
CONT5670,3
CONT5671,5
CONT5672,1
CONT5673,3
CONT5674,1
CONT5675,5
CONT5676,5
CONT5677,2
CONT5678,3
CONT5679,3
CONT5680,4
CONT5681,2
CONT5682,2
CONT5683,4
CONT5684,5
CONT5685,3
CONT5686,5
CONT5687,3
CONT5689,3
CONT5691,3
CONT5692,3
CONT5693,1
CONT5694,4
CONT5695,2
CONT5697,3
CONT5698,3
CONT5699,5
CONT5701,4
CONT5702,2
CONT5703,4
CONT5705,3
CONT5706,3
CONT5707,1
CONT5708,3
CONT5709,2
CONT5710,2
CONT5711,2
CONT5712,2
CONT5713,2
CONT5714,1
CONT5716,1
CONT5717,1
CONT5718,3
CONT5719,4
CONT5720,3
CONT5721,2
CONT5722,5
CONT5723,3
CONT5724,5
CONT5725,2
CONT5726,4
CONT5727,1
CONT5728,3
CONT5729,3
CONT5730,1
CONT5731,3
CONT5732,5
CONT5734,5
CONT5735,1
CONT5736,5
CONT5737,4
CONT5738,4
CONT5739,5
CONT5740,4
CONT5741,3
CONT5743,2
CONT5744,1
CONT5745,4
CONT5746,1
CONT5747,4
CONT5748,2
CONT5749,5
CONT5751,5
CONT5752,1
CONT5753,2
CONT5754,5
CONT5755,5
CONT5756,5
CONT5757,2
CONT5758,3
CONT5759,2
CONT5760,5
CONT5761,2
CONT5762,2
CONT5763,3
CONT5764,5
CONT5765,3
CONT5766,1
CONT5767,3
CONT5768,2
CONT5769,5
CONT5770,3
CONT5771,5
CONT5772,3
CONT5773,5
CONT5775,1
CONT5776,3
CONT5777,3
CONT5778,2
CONT5779,2
CONT5780,4
CONT5781,4
CONT5782,3
CONT5783,5
CONT5784,5
CONT5785,2
CONT5786,4
CONT5787,5
CONT5788,4
CONT5789,3
CONT5790,4
CONT5791,3
CONT5792,5
CONT5793,2
CONT5795,3
CONT5796,5
CONT5797,2
CONT5798,5
CONT5799,3
CONT5800,3
CONT5801,5
CONT5803,4
CONT5804,4
CONT5805,4
CONT5806,2
CONT5807,3
CONT5808,3
CONT5809,3
CONT5810,5
CONT5811,4
CONT5812,5
CONT5813,4
CONT5814,1
CONT5815,4
CONT5816,1
CONT5817,5
CONT5818,1
CONT5819,4
CONT5820,4
CONT5821,4
CONT5822,4
CONT5823,3
CONT5824,5
CONT5825,3
CONT5826,2
CONT5827,5
CONT5830,2
CONT5831,3
CONT5832,4
CONT5833,5
CONT5834,5
CONT5835,3
CONT5836,4
CONT5837,4
CONT5838,3
CONT5839,3
CONT5840,4
CONT5841,5
CONT5842,5
CONT5843,5
CONT5844,3
CONT5845,5
CONT5847,3
CONT5848,4
CONT5849,5
CONT5850,1
CONT5851,3
CONT5852,5
CONT5853,4
CONT5854,2
CONT5855,3
CONT5856,5
CONT5857,5
CONT5858,2
CONT5859,2
CONT5860,5
CONT5861,5
CONT5862,4
CONT5863,5
CONT5864,5
CONT5865,1
CONT5866,3
CONT5867,1
CONT5868,3
CONT5869,5
CONT5870,2
CONT5871,4
CONT5872,3
CONT5874,2
CONT5875,5
CONT5876,5
CONT5877,5
CONT5878,1
CONT5879,4
CONT5880,4
CONT5881,1
CONT5882,4
CONT5883,4
CONT5885,5
CONT5886,5
CONT5887,2
CONT5888,2
CONT5889,4
CONT5890,4
CONT5891,1
CONT5892,4
CONT5894,4
CONT5896,4
CONT5897,2
CONT5898,2
CONT5899,4
CONT5900,5
CONT5901,2
CONT5902,1
CONT5903,2
CONT5904,4
CONT5905,5
CONT5907,5
CONT5908,2
CONT5909,4
CONT5910,3
CONT5911,1
CONT5912,4
CONT5913,5
CONT5915,2
CONT5917,2
CONT5918,4
CONT5921,4
CONT5922,2
CONT5923,4
CONT5925,3
CONT5926,5
CONT5927,3
CONT5928,1
CONT5929,5
CONT5930,5
CONT5931,4
CONT5932,4
CONT5933,4
CONT5934,3
CONT5935,3
CONT5937,1
CONT5938,3
CONT5939,4
CONT5941,2
CONT5944,3
CONT5945,1
CONT5946,3
CONT5947,2
CONT5949,2
CONT5950,2
CONT5951,4
CONT5952,3
CONT5953,2
CONT5954,4
CONT5956,2
CONT5957,1
CONT5958,2
CONT5959,3
CONT5960,1
CONT5962,2
CONT5963,1
CONT5964,5
CONT5965,3
CONT5966,3
CONT5967,2
CONT5968,1
CONT5969,5
CONT5970,2
CONT5971,4
CONT5972,1
CONT5973,3
CONT5974,2
CONT5975,5
CONT5976,2
CONT5977,5
CONT5978,1
CONT5980,2
CONT5982,4
CONT5983,5
CONT5984,1
CONT5985,4
CONT5987,4
CONT5988,2
CONT5989,1
CONT5990,3
CONT5991,3
CONT5992,1
CONT5994,4
CONT5995,1
CONT5996,3
CONT5998,5
CONT5999,3
CONT6001,4
CONT6002,3
CONT6003,3
CONT6004,2
CONT6005,4
CONT6006,3
CONT6007,2
CONT6008,3
CONT6009,4
CONT6010,2
CONT6011,2
CONT6012,4
CONT6014,1
CONT6015,2
CONT6016,4
CONT6018,3
CONT6019,4
CONT6020,1
CONT6021,2
CONT6022,5
CONT6023,5
CONT6024,4
CONT6025,2
CONT6027,2
CONT6028,2
CONT6029,4
CONT6030,3
CONT6031,3
CONT6032,1
CONT6033,2
CONT6034,1
CONT6035,5
CONT6036,1
CONT6037,2
CONT6038,4
CONT6040,5
CONT6041,5
CONT6042,4
CONT6043,4
CONT6044,3
CONT6045,4
CONT6046,5
CONT6047,2
CONT6048,4
CONT6049,2
CONT6050,1
CONT6051,2
CONT6052,2
CONT6053,1
CONT6054,5
CONT6055,3
CONT6056,5
CONT6057,3
CONT6058,1
CONT6059,4
CONT6061,1
CONT6062,1
CONT6065,5
CONT6066,4
CONT6067,2
CONT6068,5
CONT6069,2
CONT6071,3
CONT6072,4
CONT6073,5
CONT6074,3
CONT6075,3
CONT6076,3
CONT6077,5
CONT6078,5
CONT6080,2
CONT6081,2
CONT6082,4
CONT6083,5
CONT6084,5
CONT6085,1
CONT6086,3
CONT6088,4
CONT6089,5
CONT6090,5
CONT6091,5
CONT6092,2
CONT6093,3
CONT6094,3
CONT6095,1
CONT6096,5
CONT6097,5
CONT6098,5
CONT6099,4
CONT6100,4
CONT6101,5
CONT6102,2
CONT6103,2
CONT6104,1
CONT6105,4
CONT6106,4
CONT6107,3
CONT6108,5
CONT6110,4
CONT6112,5
CONT6113,1
CONT6115,1
CONT6116,4
CONT6117,3
CONT6118,1
CONT6119,3
CONT6120,1
CONT6121,2
CONT6122,1
CONT6123,5
CONT6125,5
CONT6127,2
CONT6128,1
CONT6129,1
CONT6130,3
CONT6131,3
CONT6133,3
CONT6134,2
CONT6135,2
CONT6136,4
CONT6139,4
CONT6140,5
CONT6141,5
CONT6142,4
CONT6143,3
CONT6144,5
CONT6145,2
CONT6146,4
CONT6147,3
CONT6148,5
CONT6149,1
CONT6150,3
CONT6151,3
CONT6152,2
CONT6153,1
CONT6154,1
CONT6155,3
CONT6156,1
CONT6157,1
CONT6158,1
CONT6159,5
CONT6160,1
CONT6161,4
CONT6162,4
CONT6163,3
CONT6164,1
CONT6165,4
CONT6166,3
CONT6167,1
CONT6168,4
CONT6169,4
CONT6170,1
CONT6171,5
CONT6172,4
CONT6173,1
CONT6175,4
CONT6176,5
CONT6177,1
CONT6178,3
CONT6179,1
CONT6180,2
CONT6181,1
CONT6182,2
CONT6183,4
CONT6184,5
CONT6185,2
CONT6187,2
CONT6188,3
CONT6189,5
CONT6190,3
CONT6191,3
CONT6192,1
CONT6193,5
CONT6195,4
CONT6196,2
CONT6197,1
CONT6198,3
CONT6199,3
CONT6200,5
CONT6201,1
CONT6202,3
CONT6203,3
CONT6204,5
CONT6205,5
CONT6206,1
CONT6207,2
CONT6208,2
CONT6209,3
CONT6210,1
CONT6211,4
CONT6212,4
CONT6213,3
CONT6214,4
CONT6215,1
CONT6216,4
CONT6217,5
CONT6218,1
CONT6219,2
CONT6220,3
CONT6221,4
CONT6222,1
CONT6223,4
CONT6224,1
CONT6225,2
CONT6227,1
CONT6228,2
CONT6231,2
CONT6233,3
CONT6234,1
CONT6235,4
CONT6236,1
CONT6237,1
CONT6238,4
CONT6239,1
CONT6240,2
CONT6241,5
CONT6243,5
CONT6244,1
CONT6245,1
CONT6246,2
CONT6248,1
CONT6249,2
CONT6250,2
CONT6251,2
CONT6252,3
CONT6253,5
CONT6255,1
CONT6257,1
CONT6258,5
CONT6259,2
CONT6260,3
CONT6262,4
CONT6263,4
CONT6264,5
CONT6265,2
CONT6266,4
CONT6267,1
CONT6268,1
CONT6269,1
CONT6270,4
CONT6271,2
CONT6272,4
CONT6273,2
CONT6274,5
CONT6275,1
CONT6276,1
CONT6277,3
CONT6278,4
CONT6279,1
CONT6280,2
CONT6281,1
CONT6282,1
CONT6283,3
CONT6284,3
CONT6285,1
CONT6286,5
CONT6287,2
CONT6288,2
CONT6289,4
CONT6290,5
CONT6291,5
CONT6293,5
CONT6294,3
CONT6295,1
CONT6296,3
CONT6297,1
CONT6298,3
CONT6301,3
CONT6302,1
CONT6303,5
CONT6304,1
CONT6305,1
CONT6306,2
CONT6307,5
CONT6308,5
CONT6309,2
CONT6310,2
CONT6312,1
CONT6314,3
CONT6315,3
CONT6316,3
CONT6317,5
CONT6318,5
CONT6319,2
CONT6320,2
CONT6321,3
CONT6323,1
CONT6324,4
CONT6325,4
CONT6326,3
CONT6327,5
CONT6328,3
CONT6329,3
CONT6330,1
CONT6331,5
CONT6332,5
CONT6333,4
CONT6334,5
CONT6335,2
CONT6336,2
CONT6337,3
CONT6338,4
CONT6339,1
CONT6340,4
CONT6341,3
CONT6342,1
CONT6343,3
CONT6344,3
CONT6345,3
CONT6346,1
CONT6347,2
CONT6348,5
CONT6349,3
CONT6350,3
CONT6351,1
CONT6352,3
CONT6353,5
CONT6354,1
CONT6355,4
CONT6356,2
CONT6357,1
CONT6358,3
CONT6359,5
CONT6360,5
CONT6361,1
CONT6362,4
CONT6363,1
CONT6364,4
CONT6365,3
CONT6366,2
CONT6367,4
CONT6368,5
CONT6369,2
CONT6370,5
CONT6372,5
CONT6373,3
CONT6374,2
CONT6375,2
CONT6376,3
CONT6377,3
CONT6378,2
CONT6379,2
CONT6380,4
CONT6382,5
CONT6383,1
CONT6385,4
CONT6386,2
CONT6388,4
CONT6389,5
CONT6391,4
CONT6392,5
CONT6394,2
CONT6396,1
CONT6397,5
CONT6398,3
CONT6399,4
CONT6400,5
CONT6401,4
CONT6402,2
CONT6403,1
CONT6404,2
CONT6405,2
CONT6406,1
CONT6407,4
CONT6408,4
CONT6409,1
CONT6410,1
CONT6411,2
CONT6413,3
CONT6414,1
CONT6415,4
CONT6416,5
CONT6417,2
CONT6418,4
CONT6419,2
CONT6420,1
CONT6421,4
CONT6422,2
CONT6423,1
CONT6424,4
CONT6425,2
CONT6426,2
CONT6427,1
CONT6428,2
CONT6429,3
CONT6430,3
CONT6431,2
CONT6432,1
CONT6433,4
CONT6434,3
CONT6435,1
CONT6436,5
CONT6437,3
CONT6438,1
CONT6439,1
CONT6440,3
CONT6441,3
CONT6442,2
CONT6443,3
CONT6444,1
CONT6445,1
CONT6446,3
CONT6447,5
CONT6448,4
CONT6449,5
CONT6450,4
CONT6451,2
CONT6452,4
CONT6454,1
CONT6456,5
CONT6459,1
CONT6460,1
CONT6461,1
CONT6462,5
CONT6463,2
CONT6464,3
CONT6465,3
CONT6466,4
CONT6467,3
CONT6468,4
CONT6469,2
CONT6470,3
CONT6471,2
CONT6473,3
CONT6474,3
CONT6475,3
CONT6476,2
CONT6477,5
CONT6479,5
CONT6480,5
CONT6481,4
CONT6482,1
CONT6483,5
CONT6485,2
CONT6486,1
CONT6487,5
CONT6488,5
CONT6489,1
CONT6490,2
CONT6491,5
CONT6492,3
CONT6493,1
CONT6494,2
CONT6495,2
CONT6498,4
CONT6499,5
CONT6500,1
CONT6501,5
CONT6502,1
CONT6503,2
CONT6504,3
CONT6505,5
CONT6506,3
CONT6507,2
CONT6508,3
CONT6509,3
CONT6510,4
CONT6511,5
CONT6512,4
CONT6513,3
CONT6514,4
CONT6515,2
CONT6516,5
CONT6517,5
CONT6518,5
CONT6519,3
CONT6520,1
CONT6521,1
CONT6522,3
CONT6523,3
CONT6524,1
CONT6525,3
CONT6527,2
CONT6530,5
CONT6531,5
CONT6532,2
CONT6533,1
CONT6534,1
CONT6535,2
CONT6536,4
CONT6537,5
CONT6538,5
CONT6539,3
CONT6540,1
CONT6541,2
CONT6543,1
CONT6544,3
CONT6545,3
CONT6546,2
CONT6547,1
CONT6548,3
CONT6549,1
CONT6550,4
CONT6552,1
CONT6553,4
CONT6554,3
CONT6555,4
CONT6556,2
CONT6557,4
CONT6558,3
CONT6559,1
CONT6560,1
CONT6561,3
CONT6562,2
CONT6563,3
CONT6564,5
CONT6565,5
CONT6566,5
CONT6567,5
CONT6568,3
CONT6569,2
CONT6570,5
CONT6571,3
CONT6572,5
CONT6573,2
CONT6574,5
CONT6575,5
CONT6576,3
CONT6577,1
CONT6578,5
CONT6579,5
CONT6581,5
CONT6582,4
CONT6583,5
CONT6584,5
CONT6585,5
CONT6586,3
CONT6587,5
CONT6589,1
CONT6590,2
CONT6591,1
CONT6592,3
CONT6593,1
CONT6594,3
CONT6595,2
CONT6596,1
CONT6597,3
CONT6598,5
CONT6599,2
CONT6600,3
CONT6601,3
CONT6602,4
CONT6603,4
CONT6604,3
CONT6605,2
CONT6606,3
CONT6607,4
CONT6608,2
CONT6609,4
CONT6610,5
CONT6611,4
CONT6612,4
CONT6613,2
CONT6614,1
CONT6615,1
CONT6616,1
CONT6617,5
CONT6619,2
CONT6620,2
CONT6621,1
CONT6622,3
CONT6623,3
CONT6624,5
CONT6625,1
CONT6626,5
CONT6627,1
CONT6628,5
CONT6629,3
CONT6630,3
CONT6631,2
CONT6632,5
CONT6633,5
CONT6634,3
CONT6635,5
CONT6637,4
CONT6638,1
CONT6639,3
CONT6640,4
CONT6641,1
CONT6642,1
CONT6643,3
CONT6644,2
CONT6645,4
CONT6646,3
CONT6647,5
CONT6648,2
CONT6649,1
CONT6650,4
CONT6651,4
CONT6652,5
CONT6653,5
CONT6654,4
CONT6655,3
CONT6656,1
CONT6657,1
CONT6659,4
CONT6660,2
CONT6661,1
CONT6662,3
CONT6663,3
CONT6664,2
CONT6665,4
CONT6666,5
CONT6667,3
CONT6668,4
CONT6669,5
CONT6670,4
CONT6671,3
CONT6672,2
CONT6673,3
CONT6674,2
CONT6675,4
CONT6676,1
CONT6677,1
CONT6678,1
CONT6679,1
CONT6680,1
CONT6681,2
CONT6682,2
CONT6683,5
CONT6684,1
CONT6685,2
CONT6686,2
CONT6687,2
CONT6688,3
CONT6689,1
CONT6690,1
CONT6691,1
CONT6692,5
CONT6693,1
CONT6694,2
CONT6695,1
CONT6696,5
CONT6697,1
CONT6698,5
CONT6699,3
CONT6700,1
CONT6701,2
CONT6702,4
CONT6703,2
CONT6705,5
CONT6707,1
CONT6708,3
CONT6709,5
CONT6710,4
CONT6712,3
CONT6713,4
CONT6714,1
CONT6715,1
CONT6716,5
CONT6717,3
CONT6718,5
CONT6719,5
CONT6720,1
CONT6721,1
CONT6722,2
CONT6723,2
CONT6724,3
CONT6725,3
CONT6726,2
CONT6727,5
CONT6728,3
CONT6729,3
CONT6730,2
CONT6731,5
CONT6732,2
CONT6733,3
CONT6734,5
CONT6735,5
CONT6736,3
CONT6738,5
CONT6739,5
CONT6740,4
CONT6741,5
CONT6743,5
CONT6744,3
CONT6746,3
CONT6747,3
CONT6748,3
CONT6749,2
CONT6750,4
CONT6751,2
CONT6752,3
CONT6753,2
CONT6754,1
CONT6755,2
CONT6756,1
CONT6757,3
CONT6758,4
CONT6760,5
CONT6761,3
CONT6762,1
CONT6763,4
CONT6765,4
CONT6766,4
CONT6767,3
CONT6768,1
CONT6769,3
CONT6770,5
CONT6771,3
CONT6772,5
CONT6773,1
CONT6774,2
CONT6775,5
CONT6776,1
CONT6777,5
CONT6778,2
CONT6779,3
CONT6780,2
CONT6781,4
CONT6783,4
CONT6785,3
CONT6786,4
CONT6787,2
CONT6788,2
CONT6789,2
CONT6790,5
CONT6791,3
CONT6793,4
CONT6794,3
CONT6795,5
CONT6796,5
CONT6797,1
CONT6798,5
CONT6799,1
CONT6800,4
CONT6801,2
CONT6802,3
CONT6803,2
CONT6804,2
CONT6805,1
CONT6807,4
CONT6808,3
CONT6810,3
CONT6812,1
CONT6813,3
CONT6814,3
CONT6816,2
CONT6817,1
CONT6818,5
CONT6819,2
CONT6820,1
CONT6821,3
CONT6822,3
CONT6823,5
CONT6824,1
CONT6825,1
CONT6826,2
CONT6827,3
CONT6828,5
CONT6829,3
CONT6830,5
CONT6831,4
CONT6832,4
CONT6834,1
CONT6835,4
CONT6836,4
CONT6837,1
CONT6838,3
CONT6839,3
CONT6840,1
CONT6841,4
CONT6843,3
CONT6845,2
CONT6846,1
CONT6847,1
CONT6848,5
CONT6849,2
CONT6850,2
CONT6851,3
CONT6852,5
CONT6853,1
CONT6854,1
CONT6856,3
CONT6857,2
CONT6859,2
CONT6860,2
CONT6861,5
CONT6862,3
CONT6863,3
CONT6864,5
CONT6865,2
CONT6866,3
CONT6869,4
CONT6870,2
CONT6871,3
CONT6873,4
CONT6874,1
CONT6875,5
CONT6876,1
CONT6877,5
CONT6878,5
CONT6879,5
CONT6880,3
CONT6881,1
CONT6882,3
CONT6883,2
CONT6884,2
CONT6885,2
CONT6886,4
CONT6887,2
CONT6888,2
CONT6889,1
CONT6890,2
CONT6891,5
CONT6892,1
CONT6893,1
CONT6894,3
CONT6895,3
CONT6896,4
CONT6898,1
CONT6899,3
CONT6900,2
CONT6901,5
CONT6902,1
CONT6903,5
CONT6904,2
CONT6905,5
CONT6906,1
CONT6907,4
CONT6909,1
CONT6910,3
CONT6911,2
CONT6912,2
CONT6913,4
CONT6914,1
CONT6915,3
CONT6916,3
CONT6917,4
CONT6918,2
CONT6919,4
CONT6921,1
CONT6922,3
CONT6924,4
CONT6925,5
CONT6926,1
CONT6927,5
CONT6928,2
CONT6930,2
CONT6931,5
CONT6932,5
CONT6933,4
CONT6934,3
CONT6935,1
CONT6936,5
CONT6937,2
CONT6938,4
CONT6939,5
CONT6940,4
CONT6941,1
CONT6942,3
CONT6943,3
CONT6944,2
CONT6945,4
CONT6946,1
CONT6947,5
CONT6948,4
CONT6949,2
CONT6950,5
CONT6951,2
CONT6952,5
CONT6953,5
CONT6954,2
CONT6955,2
CONT6956,1
CONT6957,3
CONT6958,2
CONT6959,2
CONT6960,5
CONT6961,4
CONT6962,3
CONT6963,2
CONT6964,3
CONT6965,2
CONT6967,3
CONT6968,5
CONT6969,1
CONT6970,2
CONT6971,3
CONT6972,5
CONT6973,3
CONT6974,1
CONT6976,5
CONT6977,3
CONT6978,1
CONT6979,5
CONT6980,1
CONT6981,1
CONT6982,4
CONT6983,5
CONT6984,2
CONT6986,2
CONT6987,1
CONT6988,2
CONT6989,2
CONT6990,5
CONT6991,4
CONT6992,1
CONT6993,1
CONT6995,5
CONT6996,5
CONT6997,4
CONT6998,3
CONT6999,5
CONT7000,5
CONT7001,5
CONT7002,2
CONT7003,3
CONT7005,2
CONT7006,4
CONT7007,2
CONT7008,3
CONT7009,4
CONT7010,2
CONT7011,3
CONT7012,4
CONT7013,4
CONT7014,5
CONT7015,2
CONT7016,4
CONT7017,1
CONT7018,3
CONT7019,5
CONT7020,4
CONT7021,2
CONT7022,1
CONT7023,3
CONT7024,1
CONT7025,1
CONT7026,5
CONT7027,3
CONT7028,5
CONT7029,5
CONT7030,5
CONT7031,1
CONT7032,1
CONT7033,1
CONT7034,3
CONT7035,3
CONT7036,3
CONT7037,2
CONT7038,3
CONT7039,3
CONT7040,3
CONT7041,2
CONT7043,2
CONT7044,1
CONT7045,4
CONT7046,5
CONT7047,2
CONT7048,2
CONT7050,1
CONT7052,4
CONT7053,3
CONT7054,1
CONT7055,5
CONT7056,5
CONT7057,3
CONT7059,4
CONT7060,5
CONT7061,4
CONT7062,4
CONT7063,4
CONT7064,3
CONT7065,4
CONT7066,4
CONT7067,5
CONT7068,5
CONT7069,3
CONT7070,1
CONT7071,4
CONT7072,5
CONT7074,2
CONT7075,1
CONT7076,3
CONT7077,1
CONT7078,4
CONT7079,3
CONT7080,3
CONT7081,5
CONT7082,2
CONT7083,1
CONT7084,5
CONT7085,1
CONT7086,3
CONT7087,3
CONT7088,1
CONT7089,3
CONT7091,5
CONT7092,1
CONT7093,4
CONT7095,2
CONT7096,5
CONT7097,3
CONT7098,5
CONT7099,4
CONT7101,3
CONT7102,3
CONT7103,4
CONT7104,3
CONT7105,2
CONT7106,1
CONT7107,2
CONT7108,1
CONT7109,1
CONT7110,3
CONT7111,1
CONT7112,1
CONT7113,3
CONT7114,4
CONT7115,2
CONT7116,3
CONT7117,3
CONT7118,2
CONT7120,5
CONT7121,2
CONT7122,4
CONT7123,4
CONT7124,2
CONT7125,1
CONT7126,5
CONT7127,5
CONT7128,2
CONT7130,1
CONT7131,4
CONT7132,2
CONT7133,3
CONT7134,2
CONT7135,2
CONT7136,3
CONT7137,5
CONT7138,2
CONT7139,3
CONT7140,2
CONT7141,2
CONT7142,2
CONT7143,4
CONT7144,3
CONT7145,2
CONT7146,5
CONT7147,1
CONT7148,2
CONT7149,2
CONT7150,3
CONT7151,5
CONT7152,2
CONT7153,4
CONT7155,3
CONT7156,4
CONT7157,3
CONT7158,1
CONT7160,4
CONT7162,5
CONT7163,4
CONT7164,5
CONT7165,1
CONT7166,5
CONT7168,5
CONT7169,5
CONT7170,1
CONT7171,5
CONT7172,5
CONT7173,3
CONT7174,4
CONT7175,3
CONT7177,2
CONT7178,4
CONT7179,1
CONT7181,4
CONT7182,2
CONT7183,5
CONT7185,4
CONT7186,1
CONT7187,4
CONT7188,3
CONT7189,5
CONT7190,1
CONT7191,5
CONT7192,4
CONT7193,1
CONT7194,5
CONT7195,3
CONT7196,5
CONT7198,1
CONT7199,5
CONT7200,2
CONT7201,1
CONT7202,5
CONT7203,4
CONT7204,5
CONT7206,3
CONT7207,4
CONT7208,1
CONT7209,3
CONT7210,5
CONT7211,2
CONT7212,3
CONT7213,2
CONT7214,5
CONT7215,5
CONT7216,3
CONT7218,4
CONT7219,5
CONT7220,3
CONT7221,5
CONT7223,5
CONT7224,5
CONT7225,3
CONT7226,4
CONT7227,5
CONT7228,5
CONT7229,1
CONT7230,5
CONT7231,2
CONT7233,2
CONT7234,2
CONT7235,5
CONT7236,3
CONT7238,4
CONT7240,3
CONT7241,1
CONT7242,5
CONT7243,5
CONT7244,4
CONT7245,1
CONT7246,3
CONT7247,3
CONT7248,5
CONT7249,2
CONT7250,2
CONT7251,1
CONT7252,4
CONT7253,3
CONT7254,2
CONT7255,1
CONT7256,1
CONT7257,4
CONT7258,1
CONT7259,4
CONT7260,1
CONT7261,3
CONT7262,2
CONT7263,3
CONT7264,5
CONT7265,1
CONT7266,3
CONT7267,5
CONT7268,3
CONT7270,5
CONT7271,4
CONT7272,2
CONT7273,4
CONT7274,5
CONT7275,3
CONT7276,1
CONT7277,2
CONT7278,4
CONT7279,5
CONT7280,5
CONT7281,1
CONT7282,4
CONT7283,3
CONT7284,1
CONT7285,1
CONT7286,3
CONT7287,2
CONT7288,2
CONT7289,4
CONT7290,1
CONT7291,3
CONT7292,4
CONT7293,5
CONT7294,2
CONT7296,1
CONT7297,5
CONT7298,3
CONT7299,3
CONT7300,2
CONT7302,2
CONT7303,3
CONT7304,4
CONT7305,2
CONT7307,1
CONT7308,2
CONT7309,2
CONT7310,3
CONT7311,3
CONT7312,1
CONT7313,1
CONT7314,3
CONT7315,2
CONT7317,5
CONT7318,5
CONT7320,1
CONT7321,1
CONT7322,3
CONT7323,3
CONT7324,5
CONT7325,3
CONT7326,2
CONT7327,2
CONT7328,5
CONT7329,3
CONT7330,1
CONT7331,5
CONT7332,2
CONT7333,1
CONT7334,2
CONT7335,3
CONT7337,3
CONT7338,5
CONT7339,3
CONT7340,2
CONT7341,5
CONT7342,5
CONT7343,2
CONT7344,2
CONT7345,1
CONT7346,3
CONT7347,1
CONT7348,3
CONT7349,4
CONT7350,2
CONT7351,3
CONT7352,1
CONT7353,4
CONT7354,5
CONT7355,4
CONT7356,4
CONT7357,1
CONT7358,2
CONT7359,1
CONT7360,4
CONT7361,1
CONT7362,3
CONT7363,1
CONT7364,1
CONT7365,1
CONT7366,4
CONT7367,4
CONT7369,2
CONT7370,4
CONT7372,5
CONT7373,2
CONT7375,5
CONT7376,5
CONT7377,3
CONT7378,3
CONT7379,1
CONT7380,3
CONT7381,4
CONT7383,1
CONT7384,4
CONT7386,2
CONT7387,2
CONT7388,4
CONT7389,4
CONT7390,4
CONT7391,4
CONT7392,1
CONT7394,1
CONT7397,1
CONT7398,1
CONT7399,5
CONT7400,3
CONT7401,2
CONT7402,4
CONT7403,5
CONT7405,2
CONT7406,5
CONT7407,4
CONT7408,2
CONT7409,4
CONT7410,1
CONT7411,4
CONT7412,3
CONT7414,5
CONT7415,3
CONT7416,2
CONT7417,5
CONT7418,3
CONT7420,4
CONT7421,2
CONT7422,4
CONT7423,3
CONT7424,3
CONT7425,3
CONT7426,3
CONT7427,5
CONT7428,3
CONT7429,4
CONT7430,5
CONT7431,1
CONT7432,3
CONT7434,4
CONT7435,3
CONT7436,1
CONT7437,3
CONT7438,3
CONT7439,2
CONT7440,5
CONT7441,3
CONT7442,3
CONT7443,4
CONT7444,4
CONT7445,5
CONT7446,1
CONT7447,2
CONT7448,2
CONT7449,1
CONT7450,3
CONT7451,4
CONT7452,5
CONT7454,3
CONT7456,2
CONT7457,3
CONT7458,2
CONT7459,4
CONT7460,5
CONT7461,2
CONT7462,2
CONT7463,2
CONT7465,3
CONT7466,3
CONT7467,5
CONT7468,1
CONT7469,4
CONT7470,3
CONT7471,4
CONT7472,4
CONT7473,5
CONT7474,5
CONT7476,1
CONT7477,1
CONT7479,4
CONT7480,3
CONT7481,1
CONT7482,3
CONT7483,1
CONT7484,5
CONT7485,2
CONT7486,4
CONT7487,3
CONT7488,2
CONT7489,1
CONT7490,4
CONT7491,1
CONT7492,1
CONT7493,1
CONT7494,5
CONT7497,5
CONT7498,4
CONT7499,1
CONT7500,2
CONT7501,1
CONT7503,3
CONT7504,3
CONT7505,5
CONT7506,3
CONT7507,1
CONT7509,4
CONT7510,4
CONT7511,2
CONT7512,3
CONT7515,3
CONT7516,3
CONT7517,4
CONT7519,3
CONT7520,5
CONT7521,2
CONT7522,3
CONT7523,1
CONT7524,1
CONT7526,5
CONT7527,2
CONT7528,1
CONT7529,5
CONT7530,4
CONT7531,1
CONT7532,3
CONT7533,5
CONT7535,1
CONT7537,4
CONT7539,2
CONT7540,3
CONT7541,4
CONT7542,2
CONT7544,5
CONT7545,3
CONT7546,5
CONT7547,3
CONT7548,4
CONT7551,4
CONT7552,5
CONT7553,2
CONT7554,2
CONT7555,4
CONT7556,3
CONT7557,2
CONT7558,5
CONT7559,3
CONT7560,4
CONT7561,2
CONT7562,1
CONT7563,3
CONT7564,2
CONT7566,3
CONT7567,4
CONT7568,3
CONT7570,1
CONT7571,4
CONT7572,4
CONT7573,4
CONT7574,2
CONT7575,1
CONT7576,1
CONT7577,3
CONT7578,4
CONT7579,1
CONT7580,2
CONT7581,3
CONT7583,1
CONT7584,3
CONT7585,2
CONT7586,3
CONT7587,4
CONT7589,3
CONT7590,4
CONT7591,3
CONT7593,3
CONT7594,1
CONT7595,3
CONT7596,3
CONT7597,1
CONT7599,5
CONT7601,1
CONT7603,2
CONT7604,5
CONT7605,3
CONT7606,5
CONT7607,4
CONT7608,3
CONT7609,3
CONT7610,5
CONT7611,2
CONT7612,1
CONT7613,1
CONT7614,5
CONT7615,1
CONT7616,5
CONT7618,3
CONT7619,2
CONT7620,5
CONT7621,4
CONT7622,4
CONT7623,1
CONT7624,3
CONT7625,4
CONT7626,4
CONT7627,3
CONT7629,4
CONT7630,2
CONT7631,2
CONT7632,5
CONT7633,3
CONT7634,5
CONT7635,5
CONT7636,4
CONT7637,1
CONT7638,4
CONT7639,4
CONT7640,1
CONT7641,5
CONT7642,2
CONT7643,1
CONT7644,4
CONT7645,4
CONT7647,5
CONT7648,3
CONT7649,5
CONT7651,3
CONT7652,3
CONT7653,3
CONT7654,3
CONT7655,3
CONT7656,5
CONT7657,4
CONT7658,5
CONT7659,5
CONT7661,1
CONT7662,1
CONT7663,1
CONT7664,4
CONT7665,4
CONT7666,5
CONT7667,4
CONT7668,4
CONT7669,1
CONT7670,5
CONT7671,3
CONT7672,2
CONT7673,3
CONT7674,5
CONT7675,5
CONT7676,2
CONT7677,1
CONT7678,1
CONT7679,2
CONT7680,4
CONT7681,2
CONT7682,2
CONT7683,2
CONT7684,5
CONT7685,5
CONT7686,4
CONT7687,2
CONT7688,2
CONT7689,4
CONT7690,3
CONT7692,5
CONT7693,1
CONT7694,4
CONT7695,4
CONT7696,2
CONT7698,5
CONT7699,3
CONT7700,3
CONT7701,5
CONT7702,1
CONT7704,2
CONT7705,1
CONT7707,4
CONT7708,4
CONT7710,2
CONT7711,2
CONT7712,4
CONT7713,1
CONT7714,5
CONT7715,1
CONT7716,1
CONT7717,3
CONT7718,5
CONT7719,2
CONT7721,2
CONT7722,5
CONT7723,5
CONT7724,3
CONT7725,4
CONT7726,2
CONT7727,5
CONT7728,2
CONT7729,2
CONT7730,5
CONT7731,3
CONT7732,4
CONT7733,4
CONT7734,4
CONT7735,3
CONT7736,4
CONT7737,1
CONT7738,4
CONT7739,5
CONT7740,1
CONT7741,3
CONT7742,5
CONT7743,3
CONT7744,5
CONT7745,5
CONT7746,3
CONT7748,5
CONT7749,2
CONT7750,4
CONT7751,2
CONT7752,3
CONT7754,1
CONT7755,1
CONT7756,3
CONT7757,3
CONT7760,2
CONT7761,1
CONT7762,2
CONT7763,3
CONT7764,5
CONT7765,4
CONT7766,1
CONT7767,2
CONT7768,2
CONT7769,2
CONT7770,3
CONT7771,1
CONT7772,2
CONT7773,5
CONT7774,1
CONT7775,4
CONT7776,3
CONT7777,2
CONT7778,5
CONT7779,4
CONT7780,4
CONT7781,4
CONT7782,3
CONT7783,2
CONT7784,3
CONT7785,4
CONT7786,2
CONT7787,1
CONT7788,1
CONT7789,3
CONT7790,1
CONT7792,4
CONT7794,3
CONT7795,3
CONT7796,3
CONT7797,4
CONT7799,4
CONT7800,1
CONT7801,5
CONT7802,4
CONT7803,2
CONT7804,1
CONT7805,4
CONT7806,1
CONT7807,3
CONT7809,1
CONT7810,1
CONT7811,5
CONT7813,5
CONT7814,4
CONT7815,5
CONT7816,5
CONT7817,5
CONT7818,4
CONT7819,4
CONT7820,2
CONT7821,1
CONT7822,5
CONT7823,5
CONT7824,2
CONT7825,5
CONT7826,2
CONT7827,4
CONT7828,2
CONT7829,5
CONT7831,3
CONT7832,5
CONT7834,1
CONT7835,4
CONT7836,5
CONT7837,5
CONT7838,4
CONT7839,3
CONT7840,1
CONT7842,1
CONT7843,2
CONT7846,1
CONT7847,4
CONT7848,2
CONT7849,5
CONT7850,2
CONT7851,5
CONT7852,3
CONT7853,1
CONT7854,5
CONT7855,4
CONT7856,5
CONT7857,2
CONT7858,3
CONT7859,1
CONT7860,3
CONT7861,3
CONT7862,2
CONT7863,4
CONT7864,1
CONT7866,3
CONT7867,2
CONT7868,1
CONT7869,2
CONT7870,5
CONT7871,2
CONT7873,4
CONT7874,4
CONT7875,2
CONT7876,2
CONT7877,4
CONT7878,5
CONT7879,2
CONT7880,2
CONT7881,2
CONT7882,5
CONT7883,2
CONT7884,2
CONT7885,5
CONT7887,4
CONT7888,5
CONT7889,5
CONT7890,2
CONT7891,4
CONT7892,1
CONT7893,3
CONT7895,2
CONT7896,3
CONT7897,2
CONT7898,4
CONT7899,4
CONT7900,5
CONT7901,3
CONT7902,4
CONT7903,4
CONT7904,2
CONT7905,4
CONT7906,1
CONT7907,3
CONT7909,3
CONT7910,2
CONT7912,2
CONT7913,5
CONT7914,5
CONT7915,2
CONT7916,3
CONT7917,3
CONT7918,3
CONT7920,3
CONT7921,3
CONT7922,3
CONT7923,5
CONT7924,1
CONT7925,4
CONT7926,5
CONT7927,1
CONT7928,5
CONT7929,5
CONT7930,3
CONT7931,4
CONT7932,1
CONT7933,3
CONT7934,4
CONT7936,1
CONT7937,3
CONT7938,3
CONT7939,4
CONT7940,5
CONT7941,5
CONT7942,4
CONT7943,1
CONT7944,3
CONT7945,5
CONT7946,1
CONT7947,5
CONT7948,1
CONT7949,4
CONT7950,4
CONT7951,1
CONT7953,2
CONT7954,4
CONT7956,5
CONT7957,2
CONT7958,4
CONT7959,3
CONT7961,5
CONT7962,1
CONT7963,3
CONT7964,1
CONT7965,2
CONT7966,1
CONT7967,5
CONT7968,2
CONT7969,4
CONT7970,4
CONT7971,5
CONT7972,3
CONT7973,4
CONT7974,2
CONT7976,5
CONT7977,2
CONT7978,3
CONT7979,2
CONT7980,4
CONT7981,3
CONT7982,5
CONT7983,5
CONT7984,4
CONT7985,1
CONT7986,1
CONT7987,5
CONT7988,4
CONT7989,1
CONT7990,1
CONT7991,1
CONT7992,2
CONT7993,5
CONT7994,3
CONT7995,3
CONT7996,4
CONT7997,3
CONT7998,4
CONT7999,4
CONT8000,2
CONT8001,1
CONT8002,4
CONT8003,2
CONT8004,5
CONT8005,1
CONT8006,1
CONT8007,5
CONT8008,4
CONT8009,3
CONT8010,4
CONT8011,3
CONT8012,4
CONT8013,1
CONT8014,5
CONT8015,1
CONT8017,4
CONT8018,3
CONT8019,3
CONT8020,4
CONT8021,5
CONT8022,4
CONT8023,4
CONT8024,4
CONT8025,5
CONT8028,2
CONT8029,3
CONT8030,3
CONT8031,2
CONT8032,4
CONT8034,3
CONT8035,4
CONT8036,1
CONT8037,2
CONT8038,3
CONT8039,5
CONT8041,1
CONT8042,4
CONT8043,4
CONT8044,4
CONT8045,2
CONT8046,5
CONT8047,3
CONT8048,5
CONT8049,3
CONT8050,3
CONT8052,3
CONT8053,4
CONT8054,5
CONT8055,2
CONT8056,4
CONT8057,4
CONT8058,2
CONT8059,2
CONT8061,1
CONT8062,1
CONT8063,4
CONT8064,1
CONT8065,3
CONT8066,3
CONT8067,3
CONT8068,5
CONT8069,1
CONT8070,5
CONT8072,1
CONT8073,2
CONT8075,1
CONT8076,5
CONT8077,4
CONT8078,1
CONT8079,3
CONT8080,3
CONT8081,5
CONT8082,1
CONT8083,1
CONT8084,5
CONT8085,4
CONT8086,3
CONT8087,1
CONT8088,2
CONT8089,3
CONT8090,4
CONT8091,3
CONT8092,3
CONT8093,4
CONT8094,4
CONT8096,1
CONT8097,3
CONT8098,3
CONT8099,4
CONT8101,4
CONT8102,2
CONT8103,1
CONT8104,4
CONT8105,5
CONT8106,1
CONT8107,2
CONT8108,2
CONT8109,5
CONT8110,4
CONT8111,3
CONT8112,3
CONT8113,3
CONT8114,2
CONT8115,5
CONT8116,5
CONT8117,5
CONT8118,1
CONT8120,3
CONT8121,1
CONT8122,4
CONT8123,3
CONT8124,1
CONT8125,1
CONT8126,4
CONT8127,1
CONT8128,3
CONT8129,1
CONT8130,1
CONT8131,2
CONT8132,5
CONT8133,4
CONT8134,4
CONT8135,1
CONT8136,2
CONT8137,2
CONT8138,5
CONT8139,4
CONT8140,5
CONT8142,4
CONT8143,1
CONT8144,5
CONT8145,5
CONT8146,2
CONT8147,2
CONT8149,1
CONT8150,4
CONT8151,4
CONT8152,1
CONT8154,5
CONT8155,3
CONT8156,4
CONT8158,1
CONT8159,3
CONT8160,4
CONT8161,5
CONT8162,4
CONT8163,1
CONT8164,5
CONT8165,2
CONT8166,2
CONT8167,2
CONT8168,2
CONT8169,5
CONT8170,4
CONT8173,2
CONT8176,4
CONT8177,2
CONT8178,2
CONT8179,1
CONT8180,2
CONT8181,2
CONT8182,1
CONT8183,1
CONT8184,5
CONT8185,5
CONT8186,1
CONT8188,2
CONT8190,4
CONT8192,1
CONT8193,3
CONT8194,5
CONT8196,5
CONT8197,3
CONT8198,3
CONT8200,5
CONT8201,1
CONT8202,2
CONT8203,5
CONT8204,3
CONT8205,1
CONT8206,2
CONT8208,1
CONT8209,3
CONT8211,5
CONT8212,3
CONT8213,3
CONT8214,1
CONT8215,3
CONT8216,3
CONT8218,4
CONT8219,5
CONT8221,3
CONT8223,1
CONT8224,2
CONT8225,2
CONT8226,5
CONT8227,2
CONT8229,1
CONT8230,5
CONT8231,2
CONT8232,2
CONT8233,4
CONT8234,3
CONT8235,2
CONT8236,5
CONT8237,1
CONT8238,5
CONT8240,5
CONT8241,5
CONT8242,5
CONT8243,4
CONT8244,2
CONT8245,1
CONT8246,5
CONT8247,4
CONT8249,5
CONT8252,4
CONT8253,4
CONT8254,4
CONT8255,1
CONT8257,5
CONT8258,5
CONT8259,5
CONT8260,3
CONT8261,4
CONT8262,5
CONT8263,1
CONT8264,1
CONT8265,2
CONT8266,3
CONT8267,5
CONT8269,5
CONT8270,2
CONT8271,3
CONT8272,2
CONT8273,2
CONT8274,3
CONT8275,5
CONT8276,1
CONT8277,1
CONT8278,1
CONT8279,2
CONT8281,4
CONT8282,5
CONT8283,2
CONT8284,3
CONT8285,1
CONT8286,5
CONT8288,4
CONT8289,4
CONT8290,2
CONT8291,3
CONT8293,3
CONT8295,4
CONT8296,3
CONT8297,2
CONT8298,1
CONT8299,5
CONT8300,1
CONT8301,4
CONT8302,1
CONT8303,5
CONT8304,3
CONT8305,2
CONT8306,1
CONT8307,4
CONT8308,1
CONT8309,1
CONT8310,2
CONT8311,1
CONT8312,4
CONT8313,3
CONT8314,2
CONT8315,5
CONT8316,3
CONT8317,4
CONT8318,2
CONT8319,5
CONT8320,3
CONT8321,5
CONT8322,5
CONT8323,5
CONT8324,2
CONT8325,2
CONT8326,3
CONT8327,4
CONT8328,1
CONT8329,2
CONT8330,4
CONT8331,3
CONT8333,4
CONT8334,3
CONT8335,5
CONT8336,4
CONT8337,1
CONT8338,5
CONT8339,5
CONT8340,1
CONT8341,1
CONT8342,2
CONT8343,2
CONT8344,5
CONT8345,5
CONT8348,1
CONT8349,3
CONT8350,2
CONT8351,5
CONT8352,1
CONT8353,1
CONT8354,1
CONT8355,5
CONT8356,3
CONT8357,1
CONT8359,5
CONT8361,4
CONT8362,2
CONT8363,1
CONT8364,1
CONT8365,5
CONT8366,3
CONT8369,5
CONT8370,3
CONT8371,1
CONT8373,3
CONT8374,2
CONT8376,3
CONT8377,5
CONT8378,1
CONT8379,2
CONT8380,1
CONT8381,1
CONT8382,5
CONT8383,4
CONT8384,5
CONT8385,5
CONT8386,4
CONT8387,2
CONT8388,3
CONT8389,5
CONT8390,1
CONT8391,2
CONT8392,4
CONT8393,1
CONT8394,1
CONT8395,4
CONT8396,2
CONT8398,1
CONT8399,2
CONT8400,3
CONT8401,5
CONT8402,2
CONT8403,5
CONT8404,5
CONT8405,5
CONT8406,3
CONT8407,3
CONT8408,3
CONT8409,3
CONT8410,1
CONT8411,5
CONT8412,2
CONT8413,3
CONT8414,4
CONT8415,3
CONT8416,2
CONT8417,5
CONT8418,3
CONT8419,2
CONT8420,5
CONT8422,2
CONT8425,2
CONT8426,1
CONT8427,5
CONT8428,3
CONT8429,3
CONT8431,2
CONT8432,1
CONT8433,3
CONT8434,4
CONT8435,4
CONT8436,4
CONT8437,5
CONT8438,3
CONT8439,5
CONT8440,2
CONT8442,4
CONT8443,2
CONT8444,2
CONT8445,1
CONT8446,2
CONT8447,2
CONT8448,1
CONT8449,5
CONT8450,2
CONT8451,2
CONT8452,1
CONT8453,4
CONT8454,3
CONT8455,5
CONT8456,5
CONT8457,5
CONT8458,3
CONT8459,1
CONT8460,4
CONT8461,2
CONT8462,2
CONT8463,1
CONT8464,5
CONT8465,2
CONT8466,4
CONT8467,5
CONT8468,4
CONT8469,3
CONT8470,3
CONT8471,5
CONT8472,4
CONT8473,1
CONT8475,1
CONT8476,5
CONT8477,4
CONT8478,3
CONT8479,3
CONT8480,1
CONT8482,1
CONT8484,3
CONT8485,5
CONT8486,2
CONT8487,1
CONT8488,5
CONT8490,2
CONT8491,3
CONT8492,2
CONT8493,2
CONT8494,4
CONT8495,5
CONT8498,5
CONT8499,4
CONT8500,2
CONT8501,2
CONT8502,4
CONT8503,3
CONT8504,5
CONT8505,2
CONT8508,5
CONT8509,2
CONT8510,1
CONT8511,4
CONT8512,4
CONT8513,5
CONT8514,2
CONT8515,1
CONT8516,1
CONT8517,5
CONT8518,5
CONT8519,1
CONT8520,1
CONT8521,1
CONT8522,5
CONT8523,1
CONT8524,1
CONT8525,3
CONT8526,4
CONT8527,5
CONT8528,5
CONT8529,4
CONT8530,3
CONT8531,2
CONT8532,2
CONT8533,4
CONT8534,2
CONT8535,1
CONT8536,4
CONT8537,1
CONT8538,1
CONT8539,5
CONT8540,3
CONT8541,5
CONT8542,2
CONT8543,3
CONT8544,4
CONT8545,3
CONT8546,5
CONT8547,2
CONT8548,5
CONT8550,3
CONT8551,5
CONT8552,2
CONT8553,2
CONT8554,5
CONT8555,1
CONT8556,3
CONT8557,2
CONT8558,1
CONT8559,3
CONT8561,4
CONT8562,5
CONT8563,3
CONT8564,5
CONT8565,5
CONT8567,3
CONT8568,5
CONT8569,3
CONT8571,4
CONT8572,2
CONT8573,2
CONT8574,1
CONT8575,4
CONT8576,3
CONT8577,3
CONT8578,1
CONT8579,4
CONT8580,4
CONT8581,3
CONT8582,4
CONT8583,5
CONT8584,1
CONT8585,3
CONT8586,4
CONT8587,5
CONT8588,3
CONT8590,5
CONT8591,3
CONT8592,4
CONT8594,5
CONT8595,2
CONT8596,1
CONT8599,2
CONT8600,4
CONT8601,1
CONT8603,3
CONT8604,4
CONT8605,3
CONT8607,5
CONT8608,3
CONT8609,4
CONT8610,5
CONT8611,5
CONT8612,4
CONT8613,1
CONT8614,1
CONT8615,5
CONT8616,1
CONT8617,4
CONT8618,3
CONT8619,2
CONT8620,2
CONT8621,2
CONT8622,3
CONT8623,1
CONT8624,3
CONT8625,3
CONT8626,4
CONT8627,5
CONT8628,1
CONT8629,4
CONT8630,2
CONT8631,1
CONT8632,3
CONT8633,3
CONT8634,3
CONT8635,5
CONT8636,2
CONT8637,3
CONT8638,5
CONT8639,1
CONT8640,4
CONT8641,3
CONT8643,5
CONT8644,1
CONT8645,5
CONT8646,5
CONT8647,1
CONT8648,2
CONT8650,4
CONT8651,5
CONT8653,3
CONT8654,1
CONT8655,2
CONT8656,5
CONT8657,5
CONT8658,3
CONT8659,5
CONT8660,2
CONT8662,1
CONT8663,1
CONT8664,2
CONT8665,2
CONT8666,5
CONT8668,4
CONT8669,5
CONT8671,5
CONT8672,2
CONT8674,2
CONT8675,2
CONT8676,3
CONT8677,4
CONT8678,5
CONT8679,4
CONT8680,1
CONT8681,3
CONT8682,2
CONT8683,3
CONT8684,4
CONT8685,2
CONT8686,3
CONT8687,1
CONT8688,4
CONT8689,3
CONT8690,4
CONT8691,1
CONT8692,4
CONT8693,2
CONT8694,2
CONT8695,1
CONT8696,5
CONT8697,4
CONT8698,1
CONT8699,4
CONT8700,2
CONT8701,2
CONT8702,4
CONT8703,4
CONT8704,3
CONT8705,1
CONT8707,2
CONT8708,1
CONT8709,4
CONT8710,1
CONT8711,4
CONT8712,5
CONT8713,3
CONT8714,4
CONT8715,2
CONT8716,4
CONT8717,4
CONT8718,1
CONT8719,1
CONT8720,2
CONT8721,4
CONT8722,3
CONT8723,2
CONT8724,5
CONT8725,5
CONT8726,4
CONT8727,4
CONT8728,2
CONT8729,1
CONT8730,4
CONT8731,2
CONT8732,3
CONT8733,2
CONT8735,2
CONT8736,1
CONT8737,5
CONT8738,5
CONT8739,5
CONT8740,4
CONT8741,2
CONT8742,5
CONT8744,3
CONT8745,4
CONT8746,4
CONT8747,1
CONT8748,3
CONT8749,4
CONT8750,1
CONT8751,5
CONT8752,2
CONT8753,1
CONT8755,1
CONT8756,5
CONT8757,4
CONT8758,2
CONT8759,3
CONT8760,1
CONT8761,4
CONT8762,3
CONT8763,4
CONT8764,1
CONT8765,3
CONT8766,5
CONT8767,3
CONT8768,1
CONT8769,5
CONT8770,4
CONT8771,3
CONT8772,2
CONT8774,1
CONT8775,3
CONT8776,5
CONT8778,5
CONT8779,4
CONT8780,2
CONT8781,1
CONT8782,1
CONT8783,5
CONT8784,1
CONT8786,5
CONT8787,4
CONT8788,4
CONT8789,1
CONT8790,2
CONT8791,2
CONT8792,5
CONT8793,4
CONT8794,2
CONT8795,3
CONT8796,1
CONT8797,2
CONT8798,4
CONT8799,3
CONT8800,2
CONT8801,1
CONT8802,4
CONT8803,4
CONT8804,2
CONT8805,3
CONT8806,3
CONT8807,2
CONT8808,4
CONT8809,3
CONT8810,3
CONT8811,5
CONT8812,2
CONT8813,3
CONT8814,5
CONT8815,4
CONT8816,5
CONT8817,3
CONT8818,3
CONT8819,2
CONT8820,2
CONT8822,4
CONT8823,5
CONT8824,3
CONT8825,3
CONT8826,5
CONT8827,1
CONT8828,3
CONT8829,1
CONT8830,5
CONT8831,2
CONT8833,3
CONT8834,4
CONT8835,2
CONT8836,1
CONT8838,3
CONT8839,1
CONT8842,4
CONT8845,3
CONT8846,3
CONT8847,1
CONT8848,5
CONT8849,1
CONT8850,5
CONT8852,1
CONT8853,2
CONT8854,3
CONT8855,2
CONT8856,2
CONT8857,3
CONT8858,2
CONT8859,2
CONT8860,4
CONT8861,4
CONT8862,3
CONT8863,1
CONT8864,5
CONT8865,4
CONT8866,4
CONT8867,4
CONT8868,5
CONT8870,1
CONT8871,2
CONT8872,5
CONT8875,1
CONT8876,2
CONT8877,4
CONT8878,1
CONT8879,4
CONT8880,5
CONT8881,1
CONT8882,1
CONT8884,3
CONT8885,5
CONT8886,4
CONT8887,4
CONT8888,3
CONT8889,3
CONT8890,2
CONT8891,2
CONT8892,2
CONT8893,2
CONT8894,4
CONT8895,2
CONT8896,5
CONT8897,5
CONT8898,5
CONT8899,2
CONT8900,3
CONT8901,3
CONT8902,3
CONT8903,2
CONT8904,4
CONT8905,2
CONT8906,4
CONT8907,4
CONT8908,3
CONT8909,5
CONT8910,3
CONT8911,5
CONT8912,3
CONT8913,3
CONT8914,4
CONT8915,1
CONT8916,1
CONT8918,4
CONT8919,2
CONT8921,5
CONT8922,3
CONT8923,5
CONT8924,2
CONT8926,1
CONT8927,3
CONT8929,2
CONT8930,5
CONT8931,2
CONT8932,3
CONT8933,1
CONT8934,1
CONT8935,3
CONT8936,3
CONT8937,2
CONT8938,3
CONT8939,3
CONT8940,1
CONT8941,5
CONT8943,2
CONT8944,5
CONT8945,4
CONT8946,4
CONT8947,2
CONT8948,1
CONT8949,5
CONT8950,3
CONT8951,2
CONT8953,3
CONT8954,4
CONT8955,1
CONT8957,5
CONT8958,4
CONT8959,1
CONT8960,4
CONT8961,4
CONT8962,3
CONT8963,4
CONT8964,3
CONT8965,1
CONT8967,3
CONT8968,1
CONT8969,2
CONT8970,3
CONT8971,3
CONT8972,5
CONT8973,4
CONT8974,4
CONT8975,1
CONT8976,5
CONT8977,3
CONT8980,5
CONT8981,3
CONT8982,1
CONT8983,3
CONT8984,3
CONT8985,3
CONT8986,2
CONT8988,1
CONT8989,2
CONT8990,2
CONT8992,3
CONT8993,2
CONT8995,5
CONT8996,1
CONT8999,4
CONT9000,1
CONT9001,5
CONT9002,3
CONT9003,2
CONT9004,4
CONT9005,1
CONT9006,5
CONT9008,1
CONT9009,2
CONT9010,5
CONT9011,2
CONT9012,3
CONT9013,1
CONT9014,1
CONT9015,1
CONT9016,1
CONT9017,2
CONT9018,1
CONT9019,1
CONT9020,2
CONT9021,5
CONT9022,1
CONT9023,2
CONT9024,3
CONT9025,3
CONT9026,4
CONT9028,3
CONT9029,1
CONT9031,4
CONT9032,4
CONT9033,2
CONT9034,1
CONT9035,4
CONT9036,3
CONT9037,4
CONT9038,4
CONT9039,3
CONT9040,3
CONT9041,1
CONT9042,2
CONT9043,5
CONT9044,2
CONT9046,3
CONT9047,3
CONT9048,1
CONT9049,3
CONT9050,2
CONT9051,5
CONT9052,1
CONT9053,4
CONT9054,4
CONT9055,1
CONT9056,2
CONT9057,2
CONT9058,2
CONT9059,3
CONT9060,5
CONT9061,1
CONT9062,5
CONT9065,5
CONT9066,5
CONT9067,5
CONT9068,3
CONT9069,3
CONT9070,2
CONT9071,1
CONT9072,2
CONT9073,1
CONT9074,1
CONT9075,5
CONT9076,2
CONT9078,3
CONT9079,2
CONT9080,5
CONT9081,4
CONT9083,4
CONT9085,3
CONT9086,5
CONT9087,2
CONT9088,2
CONT9089,3
CONT9090,3
CONT9092,1
CONT9093,2
CONT9094,4
CONT9095,5
CONT9096,3
CONT9097,4
CONT9098,2
CONT9099,1
CONT9100,1
CONT9101,4
CONT9102,5
CONT9103,5
CONT9104,3
CONT9105,3
CONT9106,4
CONT9107,4
CONT9108,5
CONT9109,1
CONT9110,3
CONT9111,1
CONT9112,1
CONT9113,3
CONT9114,4
CONT9116,5
CONT9117,3
CONT9118,1
CONT9119,1
CONT9120,5
CONT9121,1
CONT9122,4
CONT9123,2
CONT9124,1
CONT9125,2
CONT9126,5
CONT9128,5
CONT9129,1
CONT9130,1
CONT9131,4
CONT9133,1
CONT9134,3
CONT9135,5
CONT9137,5
CONT9138,1
CONT9139,5
CONT9140,4
CONT9141,2
CONT9142,4
CONT9143,5
CONT9144,4
CONT9145,4
CONT9146,4
CONT9147,4
CONT9149,3
CONT9150,1
CONT9151,3
CONT9152,5
CONT9153,5
CONT9154,3
CONT9155,5
CONT9156,2
CONT9157,5
CONT9158,3
CONT9161,3
CONT9162,3
CONT9163,3
CONT9164,2
CONT9165,5
CONT9166,2
CONT9167,1
CONT9168,3
CONT9169,5
CONT9170,5
CONT9171,5
CONT9172,1
CONT9173,4
CONT9174,4
CONT9175,4
CONT9176,3
CONT9178,5
CONT9179,1
CONT9180,5
CONT9181,5
CONT9182,1
CONT9183,3
CONT9184,3
CONT9185,1
CONT9186,3
CONT9187,4
CONT9188,1
CONT9189,4
CONT9190,5
CONT9191,4
CONT9192,5
CONT9194,2
CONT9195,3
CONT9196,3
CONT9198,5
CONT9199,2
CONT9200,2
CONT9201,4
CONT9202,4
CONT9204,4
CONT9206,3
CONT9207,3
CONT9208,5
CONT9209,4
CONT9210,3
CONT9212,4
CONT9213,3
CONT9214,1
CONT9215,4
CONT9216,2
CONT9218,3
CONT9219,2
CONT9220,2
CONT9221,3
CONT9222,3
CONT9223,2
CONT9224,5
CONT9225,1
CONT9226,1
CONT9229,4
CONT9230,3
CONT9231,4
CONT9232,2
CONT9233,5
CONT9234,1
CONT9236,4
CONT9238,4
CONT9239,2
CONT9240,2
CONT9241,3
CONT9242,5
CONT9243,4
CONT9244,1
CONT9246,4
CONT9247,3
CONT9248,5
CONT9249,4
CONT9250,1
CONT9251,5
CONT9252,2
CONT9253,2
CONT9254,3
CONT9255,5
CONT9257,2
CONT9258,3
CONT9259,3
CONT9260,2
CONT9261,3
CONT9262,4
CONT9263,2
CONT9264,3
CONT9265,4
CONT9266,4
CONT9267,1
CONT9268,2
CONT9269,4
CONT9270,3
CONT9271,5
CONT9272,4
CONT9273,1
CONT9275,1
CONT9276,1
CONT9278,5
CONT9279,5
CONT9280,2
CONT9282,1
CONT9283,2
CONT9284,2
CONT9285,5
CONT9286,3
CONT9287,4
CONT9288,5
CONT9289,2
CONT9290,5
CONT9291,2
CONT9292,5
CONT9293,3
CONT9294,4
CONT9295,5
CONT9297,2
CONT9298,3
CONT9299,5
CONT9300,3
CONT9301,1
CONT9302,2
CONT9303,4
CONT9304,2
CONT9305,5
CONT9306,4
CONT9307,3
CONT9310,1
CONT9312,4
CONT9313,3
CONT9316,5
CONT9317,4
CONT9318,2
CONT9319,1
CONT9320,2
CONT9321,1
CONT9322,5
CONT9323,2
CONT9324,4
CONT9325,1
CONT9327,5
CONT9328,2
CONT9329,3
CONT9331,1
CONT9332,2
CONT9333,5
CONT9335,1
CONT9336,5
CONT9337,1
CONT9338,1
CONT9339,2
CONT9340,2
CONT9341,3
CONT9342,1
CONT9343,3
CONT9344,5
CONT9345,2
CONT9346,5
CONT9347,4
CONT9348,2
CONT9349,2
CONT9351,2
CONT9352,4
CONT9353,5
CONT9354,5
CONT9355,5
CONT9356,4
CONT9357,3
CONT9358,2
CONT9359,2
CONT9361,5
CONT9362,4
CONT9363,2
CONT9366,4
CONT9367,1
CONT9368,4
CONT9369,1
CONT9370,1
CONT9371,4
CONT9372,3
CONT9373,4
CONT9375,4
CONT9378,5
CONT9379,1
CONT9380,3
CONT9381,1
CONT9382,2
CONT9383,1
CONT9384,5
CONT9385,4
CONT9386,3
CONT9387,5
CONT9388,4
CONT9389,5
CONT9390,2
CONT9391,3
CONT9392,2
CONT9393,3
CONT9394,2
CONT9395,4
CONT9396,2
CONT9397,5
CONT9398,4
CONT9399,3
CONT9400,5
CONT9401,4
CONT9402,1
CONT9403,3
CONT9404,5
CONT9405,4
CONT9406,5
CONT9407,4
CONT9408,1
CONT9409,4
CONT9410,3
CONT9411,4
CONT9413,1
CONT9414,3
CONT9415,2
CONT9416,1
CONT9417,3
CONT9418,4
CONT9419,4
CONT9420,4
CONT9421,3
CONT9422,3
CONT9423,2
CONT9424,2
CONT9425,3
CONT9427,1
CONT9428,1
CONT9429,4
CONT9431,1
CONT9432,4
CONT9433,5
CONT9434,3
CONT9435,1
CONT9436,3
CONT9437,3
CONT9438,5
CONT9439,2
CONT9440,3
CONT9441,4
CONT9442,3
CONT9443,4
CONT9444,3
CONT9445,5
CONT9447,5
CONT9448,4
CONT9449,2
CONT9450,2
CONT9451,1
CONT9452,4
CONT9453,4
CONT9454,4
CONT9455,4
CONT9456,1
CONT9457,1
CONT9458,1
CONT9459,5
CONT9460,2
CONT9461,4
CONT9462,2
CONT9464,5
CONT9465,1
CONT9466,1
CONT9467,3
CONT9469,2
CONT9470,1
CONT9471,3
CONT9472,3
CONT9473,4
CONT9474,2
CONT9475,5
CONT9476,5
CONT9477,4
CONT9478,2
CONT9480,4
CONT9481,4
CONT9484,5
CONT9487,1
CONT9488,3
CONT9489,2
CONT9492,4
CONT9493,1
CONT9494,2
CONT9495,2
CONT9498,4
CONT9499,4
CONT9500,4
CONT9501,1
CONT9502,1
CONT9503,2
CONT9504,1
CONT9505,5
CONT9506,1
CONT9508,5
CONT9509,2
CONT9510,3
CONT9511,3
CONT9513,4
CONT9515,3
CONT9516,4
CONT9517,4
CONT9518,4
CONT9519,4
CONT9521,1
CONT9522,2
CONT9523,4
CONT9524,3
CONT9525,3
CONT9526,2
CONT9527,3
CONT9528,2
CONT9529,1
CONT9530,1
CONT9531,2
CONT9533,3
CONT9534,3
CONT9535,1
CONT9536,3
CONT9537,3
CONT9538,3
CONT9539,1
CONT9540,4
CONT9541,1
CONT9542,5
CONT9544,2
CONT9545,2
CONT9546,4
CONT9547,5
CONT9548,5
CONT9549,1
CONT9550,5
CONT9551,2
CONT9552,3
CONT9553,3
CONT9554,5
CONT9557,3
CONT9558,5
CONT9559,1
CONT9560,3
CONT9561,2
CONT9562,3
CONT9563,5
CONT9564,4
CONT9565,5
CONT9566,1
CONT9567,2
CONT9568,1
CONT9569,5
CONT9570,5
CONT9571,1
CONT9572,1
CONT9574,3
CONT9576,2
CONT9577,2
CONT9578,5
CONT9579,4
CONT9580,4
CONT9581,5
CONT9582,1
CONT9584,3
CONT9585,3
CONT9586,4
CONT9587,1
CONT9588,2
CONT9589,3
CONT9591,3
CONT9592,3
CONT9593,2
CONT9594,1
CONT9595,4
CONT9596,5
CONT9597,5
CONT9598,5
CONT9599,3
CONT9600,1
CONT9601,5
CONT9602,4
CONT9603,3
CONT9604,4
CONT9605,5
CONT9607,2
CONT9608,4
CONT9609,2
CONT9610,3
CONT9611,5
CONT9612,3
CONT9613,2
CONT9614,3
CONT9615,3
CONT9616,5
CONT9617,1
CONT9618,1
CONT9619,3
CONT9621,4
CONT9622,4
CONT9624,3
CONT9626,4
CONT9628,3
CONT9629,4
CONT9631,5
CONT9632,1
CONT9633,2
CONT9635,2
CONT9636,2
CONT9637,4
CONT9638,3
CONT9639,3
CONT9640,2
CONT9641,3
CONT9643,1
CONT9644,1
CONT9645,4
CONT9646,1
CONT9648,1
CONT9649,4
CONT9650,5
CONT9651,2
CONT9652,1
CONT9653,1
CONT9654,1
CONT9655,3
CONT9656,2
CONT9657,1
CONT9658,3
CONT9659,1
CONT9660,4
CONT9661,2
CONT9662,3
CONT9663,1
CONT9664,1
CONT9665,3
CONT9666,5
CONT9667,1
CONT9668,2
CONT9669,1
CONT9670,3
CONT9671,3
CONT9672,2
CONT9673,3
CONT9674,5
CONT9676,1
CONT9677,2
CONT9678,4
CONT9679,5
CONT9680,2
CONT9681,5
CONT9682,1
CONT9683,1
CONT9684,1
CONT9685,3
CONT9686,5
CONT9687,3
CONT9688,4
CONT9690,2
CONT9692,3
CONT9693,5
CONT9694,3
CONT9695,1
CONT9696,3
CONT9697,4
CONT9698,2
CONT9699,3
CONT9700,4
CONT9701,2
CONT9702,4
CONT9703,5
CONT9704,5
CONT9705,5
CONT9706,2
CONT9707,1
CONT9708,3
CONT9709,4
CONT9710,5
CONT9711,4
CONT9712,2
CONT9714,1
CONT9715,3
CONT9716,4
CONT9717,5
CONT9718,4
CONT9719,4
CONT9720,3
CONT9721,2
CONT9722,3
CONT9723,3
CONT9724,1
CONT9725,3
CONT9726,4
CONT9727,1
CONT9729,3
CONT9730,5
CONT9731,5
CONT9732,5
CONT9733,3
CONT9735,2
CONT9736,4
CONT9737,5
CONT9738,4
CONT9739,3
CONT9740,2
CONT9741,3
CONT9742,2
CONT9743,1
CONT9744,1
CONT9745,3
CONT9746,1
CONT9747,4
CONT9748,2
CONT9749,1
CONT9750,5
CONT9751,1
CONT9752,4
CONT9753,1
CONT9754,1
CONT9755,5
CONT9756,4
CONT9757,5
CONT9758,2
CONT9759,3
CONT9760,2
CONT9761,5
CONT9762,1
CONT9764,1
CONT9765,4
CONT9766,3
CONT9767,3
CONT9768,5
CONT9769,3
CONT9770,5
CONT9771,5
CONT9772,4
CONT9773,3
CONT9775,3
CONT9776,3
CONT9777,3
CONT9778,3
CONT9779,3
CONT9780,1
CONT9781,1
CONT9782,1
CONT9784,1
CONT9785,1
CONT9786,5
CONT9787,5
CONT9788,1
CONT9789,1
CONT9790,3
CONT9791,4
CONT9792,4
CONT9793,1
CONT9794,3
CONT9795,3
CONT9796,2
CONT9797,3
CONT9798,5
CONT9799,3
CONT9800,4
CONT9801,2
CONT9803,2
CONT9804,2
CONT9805,1
CONT9806,5
CONT9807,4
CONT9808,2
CONT9809,3
CONT9810,4
CONT9811,3
CONT9812,2
CONT9813,2
CONT9814,2
CONT9816,4
CONT9818,5
CONT9819,4
CONT9821,2
CONT9823,5
CONT9824,1
CONT9825,5
CONT9827,1
CONT9828,4
CONT9829,2
CONT9830,4
CONT9831,3
CONT9832,2
CONT9833,3
CONT9834,4
CONT9835,3
CONT9836,3
CONT9837,1
CONT9838,1
CONT9839,3
CONT9840,5
CONT9841,5
CONT9842,2
CONT9843,1
CONT9844,5
CONT9846,1
CONT9847,5
CONT9849,1
CONT9850,2
CONT9851,1
CONT9852,4
CONT9853,1
CONT9854,4
CONT9855,4
CONT9856,2
CONT9857,3
CONT9858,1
CONT9859,4
CONT9860,3
CONT9861,1
CONT9862,2
CONT9863,1
CONT9865,4
CONT9866,3
CONT9867,4
CONT9868,3
CONT9869,4
CONT9870,5
CONT9871,4
CONT9872,3
CONT9873,4
CONT9874,5
CONT9875,3
CONT9876,2
CONT9877,2
CONT9878,1
CONT9879,3
CONT9881,1
CONT9882,5
CONT9884,2
CONT9885,5
CONT9886,2
CONT9887,1
CONT9888,3
CONT9890,4
CONT9891,1
CONT9892,1
CONT9893,2
CONT9894,2
CONT9895,2
CONT9896,5
CONT9897,4
CONT9898,2
CONT9899,4
CONT9900,4
CONT9901,2
CONT9902,3
CONT9904,1
CONT9905,1
CONT9906,3
CONT9907,4
CONT9908,1
CONT9909,4
CONT9910,1
CONT9911,4
CONT9912,3
CONT9913,5
CONT9914,3
CONT9915,1
CONT9916,3
CONT9917,5
CONT9918,2
CONT9919,2
CONT9920,2
CONT9921,3
CONT9922,2
CONT9923,4
CONT9924,3
CONT9925,3
CONT9926,3
CONT9927,1
CONT9928,2
CONT9930,1
CONT9931,5
CONT9932,3
CONT9933,1
CONT9934,4
CONT9935,4
CONT9936,4
CONT9937,5
CONT9938,5
CONT9939,4
CONT9940,4
CONT9941,2
CONT9942,5
CONT9943,2
CONT9944,5
CONT9945,5
CONT9946,4
CONT9947,2
CONT9948,3
CONT9951,1
CONT9952,5
CONT9953,4
CONT9954,3
CONT9956,3
CONT9957,2
CONT9958,1
CONT9959,4
CONT9960,4
CONT9961,5
CONT9962,4
CONT9963,3
CONT9964,2
CONT9965,2
CONT9966,4
CONT9967,4
CONT9968,4
CONT9969,4
CONT9970,2
CONT9971,3
CONT9972,1
CONT9973,1
CONT9974,5
CONT9975,1
CONT9976,4
CONT9977,5
CONT9978,3
CONT9979,4
CONT9980,2
CONT9981,1
CONT9982,2
CONT9983,3
CONT9984,5
CONT9986,5
CONT9987,2
CONT9988,2
CONT9989,3
CONT9990,4
CONT9991,3
CONT9992,3
CONT9993,1
CONT9994,5
CONT9996,2
CONT9997,2
CONT9998,4
CONT9999,4
